{
    "confidence_score": 0.945185661315918,
    "ptm": 0.9665144681930542,
    "iptm": 0.8948346376419067,
    "ligand_iptm": 0.8948346376419067,
    "protein_iptm": 0.0,
    "complex_plddt": 0.9577733874320984,
    "complex_iplddt": 0.913698136806488,
    "complex_pde": 0.4103219211101532,
    "complex_ipde": 1.3168591260910034,
    "chains_ptm": {
        "0": 0.9724522829055786,
        "1": 0.7788180708885193
    },
    "pair_chains_iptm": {
        "0": {
            "0": 0.9724522829055786,
            "1": 0.5889049768447876
        },
        "1": {
            "0": 0.8948346376419067,
            "1": 0.7788180708885193
        }
    }
}