{
    "confidence_score": 0.946109414100647,
    "ptm": 0.9638152718544006,
    "iptm": 0.8907622694969177,
    "ligand_iptm": 0.8907622694969177,
    "protein_iptm": 0.0,
    "complex_plddt": 0.9599462151527405,
    "complex_iplddt": 0.9181967973709106,
    "complex_pde": 0.4248073399066925,
    "complex_ipde": 1.367028832435608,
    "chains_ptm": {
        "0": 0.969900369644165,
        "1": 0.7740950584411621
    },
    "pair_chains_iptm": {
        "0": {
            "0": 0.969900369644165,
            "1": 0.557988166809082
        },
        "1": {
            "0": 0.8907622694969177,
            "1": 0.7740950584411621
        }
    }
}