{
    "confidence_score": 0.9448035359382629,
    "ptm": 0.9633241295814514,
    "iptm": 0.8891857266426086,
    "ligand_iptm": 0.8891857266426086,
    "protein_iptm": 0.0,
    "complex_plddt": 0.9587079882621765,
    "complex_iplddt": 0.9151631593704224,
    "complex_pde": 0.42303338646888733,
    "complex_ipde": 1.3546406030654907,
    "chains_ptm": {
        "0": 0.9694265127182007,
        "1": 0.7708222270011902
    },
    "pair_chains_iptm": {
        "0": {
            "0": 0.9694265127182007,
            "1": 0.557601273059845
        },
        "1": {
            "0": 0.8891857266426086,
            "1": 0.7708222270011902
        }
    }
}