{
    "confidence_score": 0.9404468536376953,
    "ptm": 0.9607491493225098,
    "iptm": 0.8779027462005615,
    "ligand_iptm": 0.8779027462005615,
    "protein_iptm": 0.0,
    "complex_plddt": 0.9560828804969788,
    "complex_iplddt": 0.9041002988815308,
    "complex_pde": 0.4364706575870514,
    "complex_ipde": 1.4240244626998901,
    "chains_ptm": {
        "0": 0.9674463272094727,
        "1": 0.7641617655754089
    },
    "pair_chains_iptm": {
        "0": {
            "0": 0.9674463272094727,
            "1": 0.5347515344619751
        },
        "1": {
            "0": 0.8779027462005615,
            "1": 0.7641617655754089
        }
    }
}