{
    "confidence_score": 0.943982720375061,
    "ptm": 0.9641227722167969,
    "iptm": 0.8843881487846375,
    "ligand_iptm": 0.8843881487846375,
    "protein_iptm": 0.0,
    "complex_plddt": 0.9588813781738281,
    "complex_iplddt": 0.9148417115211487,
    "complex_pde": 0.4273024797439575,
    "complex_ipde": 1.4099390506744385,
    "chains_ptm": {
        "0": 0.9706397652626038,
        "1": 0.7647641897201538
    },
    "pair_chains_iptm": {
        "0": {
            "0": 0.9706397652626038,
            "1": 0.5528268218040466
        },
        "1": {
            "0": 0.8843881487846375,
            "1": 0.7647641897201538
        }
    }
}