{
    "confidence_score": 0.9456774592399597,
    "ptm": 0.9671459197998047,
    "iptm": 0.8985992670059204,
    "ligand_iptm": 0.8985992670059204,
    "protein_iptm": 0.0,
    "complex_plddt": 0.9574470520019531,
    "complex_iplddt": 0.9142614603042603,
    "complex_pde": 0.40840932726860046,
    "complex_ipde": 1.3000127077102661,
    "chains_ptm": {
        "0": 0.9728587865829468,
        "1": 0.778919517993927
    },
    "pair_chains_iptm": {
        "0": {
            "0": 0.9728587865829468,
            "1": 0.5755728483200073
        },
        "1": {
            "0": 0.8985992670059204,
            "1": 0.778919517993927
        }
    }
}