{
    "confidence_score": 0.9417617917060852,
    "ptm": 0.9618978500366211,
    "iptm": 0.8730270862579346,
    "ligand_iptm": 0.8730270862579346,
    "protein_iptm": 0.0,
    "complex_plddt": 0.9589453935623169,
    "complex_iplddt": 0.9162582159042358,
    "complex_pde": 0.44361093640327454,
    "complex_ipde": 1.5109796524047852,
    "chains_ptm": {
        "0": 0.969126284122467,
        "1": 0.7518165707588196
    },
    "pair_chains_iptm": {
        "0": {
            "0": 0.969126284122467,
            "1": 0.509987473487854
        },
        "1": {
            "0": 0.8730270862579346,
            "1": 0.7518165707588196
        }
    }
}