{
    "confidence_score": 0.944245457649231,
    "ptm": 0.9655191898345947,
    "iptm": 0.8931707739830017,
    "ligand_iptm": 0.8931707739830017,
    "protein_iptm": 0.0,
    "complex_plddt": 0.9570140838623047,
    "complex_iplddt": 0.9121583104133606,
    "complex_pde": 0.41828885674476624,
    "complex_ipde": 1.3577884435653687,
    "chains_ptm": {
        "0": 0.9716272950172424,
        "1": 0.7770360112190247
    },
    "pair_chains_iptm": {
        "0": {
            "0": 0.9716272950172424,
            "1": 0.5450507998466492
        },
        "1": {
            "0": 0.8931707739830017,
            "1": 0.7770360112190247
        }
    }
}