{
    "confidence_score": 0.9423703551292419,
    "ptm": 0.962914228439331,
    "iptm": 0.8793886303901672,
    "ligand_iptm": 0.8793886303901672,
    "protein_iptm": 0.0,
    "complex_plddt": 0.9581157565116882,
    "complex_iplddt": 0.9116626977920532,
    "complex_pde": 0.4278201758861542,
    "complex_ipde": 1.4051140546798706,
    "chains_ptm": {
        "0": 0.9697360396385193,
        "1": 0.7653089165687561
    },
    "pair_chains_iptm": {
        "0": {
            "0": 0.9697360396385193,
            "1": 0.542531430721283
        },
        "1": {
            "0": 0.8793886303901672,
            "1": 0.7653089165687561
        }
    }
}