{
    "confidence_score": 0.9450651407241821,
    "ptm": 0.9652525782585144,
    "iptm": 0.8958664536476135,
    "ligand_iptm": 0.8958664536476135,
    "protein_iptm": 0.0,
    "complex_plddt": 0.9573647975921631,
    "complex_iplddt": 0.9120134711265564,
    "complex_pde": 0.41473129391670227,
    "complex_ipde": 1.3145167827606201,
    "chains_ptm": {
        "0": 0.9709975123405457,
        "1": 0.788199782371521
    },
    "pair_chains_iptm": {
        "0": {
            "0": 0.9709975123405457,
            "1": 0.5687842965126038
        },
        "1": {
            "0": 0.8958664536476135,
            "1": 0.788199782371521
        }
    }
}