{
    "confidence_score": 0.9365960955619812,
    "ptm": 0.9647691249847412,
    "iptm": 0.8808483481407166,
    "ligand_iptm": 0.8808483481407166,
    "protein_iptm": 0.0,
    "complex_plddt": 0.9505330920219421,
    "complex_iplddt": 0.8859199285507202,
    "complex_pde": 0.432097464799881,
    "complex_ipde": 1.4182522296905518,
    "chains_ptm": {
        "0": 0.971369206905365,
        "1": 0.8192065954208374
    },
    "pair_chains_iptm": {
        "0": {
            "0": 0.971369206905365,
            "1": 0.5226239562034607
        },
        "1": {
            "0": 0.8808483481407166,
            "1": 0.8192065954208374
        }
    }
}