{
    "confidence_score": 0.9475874304771423,
    "ptm": 0.9653352499008179,
    "iptm": 0.9049745202064514,
    "ligand_iptm": 0.9049745202064514,
    "protein_iptm": 0.0,
    "complex_plddt": 0.9582406282424927,
    "complex_iplddt": 0.9195338487625122,
    "complex_pde": 0.4079127907752991,
    "complex_ipde": 1.250586748123169,
    "chains_ptm": {
        "0": 0.9704071283340454,
        "1": 0.7955049276351929
    },
    "pair_chains_iptm": {
        "0": {
            "0": 0.9704071283340454,
            "1": 0.5790905952453613
        },
        "1": {
            "0": 0.9049745202064514,
            "1": 0.7955049276351929
        }
    }
}