{
    "confidence_score": 0.9411477446556091,
    "ptm": 0.9654162526130676,
    "iptm": 0.8948323726654053,
    "ligand_iptm": 0.8948323726654053,
    "protein_iptm": 0.0,
    "complex_plddt": 0.9527265429496765,
    "complex_iplddt": 0.890530526638031,
    "complex_pde": 0.4091908633708954,
    "complex_ipde": 1.3001316785812378,
    "chains_ptm": {
        "0": 0.9711405634880066,
        "1": 0.7980199456214905
    },
    "pair_chains_iptm": {
        "0": {
            "0": 0.9711405634880066,
            "1": 0.5668848156929016
        },
        "1": {
            "0": 0.8948323726654053,
            "1": 0.7980199456214905
        }
    }
}