{
    "confidence_score": 0.9459713101387024,
    "ptm": 0.9661601781845093,
    "iptm": 0.89792799949646,
    "ligand_iptm": 0.89792799949646,
    "protein_iptm": 0.0,
    "complex_plddt": 0.9579821228981018,
    "complex_iplddt": 0.9143338203430176,
    "complex_pde": 0.41193097829818726,
    "complex_ipde": 1.312031626701355,
    "chains_ptm": {
        "0": 0.9719223380088806,
        "1": 0.7894076704978943
    },
    "pair_chains_iptm": {
        "0": {
            "0": 0.9719223380088806,
            "1": 0.5650209188461304
        },
        "1": {
            "0": 0.89792799949646,
            "1": 0.7894076704978943
        }
    }
}