{
    "confidence_score": 0.938816487789154,
    "ptm": 0.9637976884841919,
    "iptm": 0.8776269555091858,
    "ligand_iptm": 0.8776269555091858,
    "protein_iptm": 0.0,
    "complex_plddt": 0.9541138410568237,
    "complex_iplddt": 0.8951819539070129,
    "complex_pde": 0.4326293170452118,
    "complex_ipde": 1.418073296546936,
    "chains_ptm": {
        "0": 0.9706258177757263,
        "1": 0.8099323511123657
    },
    "pair_chains_iptm": {
        "0": {
            "0": 0.9706258177757263,
            "1": 0.49120765924453735
        },
        "1": {
            "0": 0.8776269555091858,
            "1": 0.8099323511123657
        }
    }
}