{
    "confidence_score": 0.9393091201782227,
    "ptm": 0.9604678153991699,
    "iptm": 0.8654335737228394,
    "ligand_iptm": 0.8654335737228394,
    "protein_iptm": 0.0,
    "complex_plddt": 0.9577779769897461,
    "complex_iplddt": 0.9033480286598206,
    "complex_pde": 0.45104172825813293,
    "complex_ipde": 1.5558017492294312,
    "chains_ptm": {
        "0": 0.9680595993995667,
        "1": 0.8268875479698181
    },
    "pair_chains_iptm": {
        "0": {
            "0": 0.9680595993995667,
            "1": 0.5445460081100464
        },
        "1": {
            "0": 0.8654335737228394,
            "1": 0.8268875479698181
        }
    }
}