{
    "confidence_score": 0.9456533789634705,
    "ptm": 0.9668452143669128,
    "iptm": 0.8967238664627075,
    "ligand_iptm": 0.8967238664627075,
    "protein_iptm": 0.0,
    "complex_plddt": 0.9578857421875,
    "complex_iplddt": 0.9138433933258057,
    "complex_pde": 0.4083172082901001,
    "complex_ipde": 1.3013898134231567,
    "chains_ptm": {
        "0": 0.972632884979248,
        "1": 0.7995582222938538
    },
    "pair_chains_iptm": {
        "0": {
            "0": 0.972632884979248,
            "1": 0.577431857585907
        },
        "1": {
            "0": 0.8967238664627075,
            "1": 0.7995582222938538
        }
    }
}