{
    "confidence_score": 0.9451072812080383,
    "ptm": 0.962685227394104,
    "iptm": 0.889265775680542,
    "ligand_iptm": 0.889265775680542,
    "protein_iptm": 0.0,
    "complex_plddt": 0.9590676426887512,
    "complex_iplddt": 0.9130367040634155,
    "complex_pde": 0.42209476232528687,
    "complex_ipde": 1.3515219688415527,
    "chains_ptm": {
        "0": 0.9687735438346863,
        "1": 0.7831951975822449
    },
    "pair_chains_iptm": {
        "0": {
            "0": 0.9687735438346863,
            "1": 0.5432966351509094
        },
        "1": {
            "0": 0.889265775680542,
            "1": 0.7831951975822449
        }
    }
}