{
    "confidence_score": 0.942953884601593,
    "ptm": 0.9639242887496948,
    "iptm": 0.8826935291290283,
    "ligand_iptm": 0.8826935291290283,
    "protein_iptm": 0.0,
    "complex_plddt": 0.9580190181732178,
    "complex_iplddt": 0.9026505947113037,
    "complex_pde": 0.434176504611969,
    "complex_ipde": 1.4971061944961548,
    "chains_ptm": {
        "0": 0.9706969261169434,
        "1": 0.8256487250328064
    },
    "pair_chains_iptm": {
        "0": {
            "0": 0.9706969261169434,
            "1": 0.5216859579086304
        },
        "1": {
            "0": 0.8826935291290283,
            "1": 0.8256487250328064
        }
    }
}