{
    "confidence_score": 0.9439734816551208,
    "ptm": 0.9643427729606628,
    "iptm": 0.8870028853416443,
    "ligand_iptm": 0.8870028853416443,
    "protein_iptm": 0.0,
    "complex_plddt": 0.9582160711288452,
    "complex_iplddt": 0.913579523563385,
    "complex_pde": 0.4239354729652405,
    "complex_ipde": 1.3861298561096191,
    "chains_ptm": {
        "0": 0.9709094166755676,
        "1": 0.7657721638679504
    },
    "pair_chains_iptm": {
        "0": {
            "0": 0.9709094166755676,
            "1": 0.5595988035202026
        },
        "1": {
            "0": 0.8870028853416443,
            "1": 0.7657721638679504
        }
    }
}