{
    "confidence_score": 0.9429497122764587,
    "ptm": 0.9640069603919983,
    "iptm": 0.88913893699646,
    "ligand_iptm": 0.88913893699646,
    "protein_iptm": 0.0,
    "complex_plddt": 0.9564023017883301,
    "complex_iplddt": 0.9121217727661133,
    "complex_pde": 0.4268155097961426,
    "complex_ipde": 1.4090710878372192,
    "chains_ptm": {
        "0": 0.9703947901725769,
        "1": 0.7722836136817932
    },
    "pair_chains_iptm": {
        "0": {
            "0": 0.9703947901725769,
            "1": 0.553569495677948
        },
        "1": {
            "0": 0.88913893699646,
            "1": 0.7722836136817932
        }
    }
}