{
    "confidence_score": 0.9455283284187317,
    "ptm": 0.9660609364509583,
    "iptm": 0.8944923281669617,
    "ligand_iptm": 0.8944923281669617,
    "protein_iptm": 0.0,
    "complex_plddt": 0.9582872986793518,
    "complex_iplddt": 0.9169083833694458,
    "complex_pde": 0.4160476326942444,
    "complex_ipde": 1.336425542831421,
    "chains_ptm": {
        "0": 0.9719163775444031,
        "1": 0.7879664897918701
    },
    "pair_chains_iptm": {
        "0": {
            "0": 0.9719163775444031,
            "1": 0.5682104825973511
        },
        "1": {
            "0": 0.8944923281669617,
            "1": 0.7879664897918701
        }
    }
}