{
    "confidence_score": 0.946610152721405,
    "ptm": 0.9677951335906982,
    "iptm": 0.899427056312561,
    "ligand_iptm": 0.899427056312561,
    "protein_iptm": 0.0,
    "complex_plddt": 0.9584059119224548,
    "complex_iplddt": 0.9131140112876892,
    "complex_pde": 0.4020923972129822,
    "complex_ipde": 1.2622061967849731,
    "chains_ptm": {
        "0": 0.9735615253448486,
        "1": 0.7926504611968994
    },
    "pair_chains_iptm": {
        "0": {
            "0": 0.9735615253448486,
            "1": 0.5856913328170776
        },
        "1": {
            "0": 0.899427056312561,
            "1": 0.7926504611968994
        }
    }
}