{
    "confidence_score": 0.9440140128135681,
    "ptm": 0.9627602696418762,
    "iptm": 0.8861939311027527,
    "ligand_iptm": 0.8861939311027527,
    "protein_iptm": 0.0,
    "complex_plddt": 0.9584689736366272,
    "complex_iplddt": 0.9120224714279175,
    "complex_pde": 0.428327351808548,
    "complex_ipde": 1.3970164060592651,
    "chains_ptm": {
        "0": 0.9691094756126404,
        "1": 0.7678347229957581
    },
    "pair_chains_iptm": {
        "0": {
            "0": 0.9691094756126404,
            "1": 0.5479338765144348
        },
        "1": {
            "0": 0.8861939311027527,
            "1": 0.7678347229957581
        }
    }
}