{
    "confidence_score": 0.9469866156578064,
    "ptm": 0.9672512412071228,
    "iptm": 0.9028194546699524,
    "ligand_iptm": 0.9028194546699524,
    "protein_iptm": 0.0,
    "complex_plddt": 0.9580283164978027,
    "complex_iplddt": 0.9168226718902588,
    "complex_pde": 0.4061039090156555,
    "complex_ipde": 1.2705976963043213,
    "chains_ptm": {
        "0": 0.9727004766464233,
        "1": 0.7933467626571655
    },
    "pair_chains_iptm": {
        "0": {
            "0": 0.9727004766464233,
            "1": 0.5784220695495605
        },
        "1": {
            "0": 0.9028194546699524,
            "1": 0.7933467626571655
        }
    }
}