{
    "confidence_score": 0.9455518126487732,
    "ptm": 0.9661577343940735,
    "iptm": 0.8977325558662415,
    "ligand_iptm": 0.8977325558662415,
    "protein_iptm": 0.0,
    "complex_plddt": 0.957506537437439,
    "complex_iplddt": 0.9135553240776062,
    "complex_pde": 0.41073721647262573,
    "complex_ipde": 1.2934470176696777,
    "chains_ptm": {
        "0": 0.9718337059020996,
        "1": 0.7870738506317139
    },
    "pair_chains_iptm": {
        "0": {
            "0": 0.9718337059020996,
            "1": 0.5737441778182983
        },
        "1": {
            "0": 0.8977325558662415,
            "1": 0.7870738506317139
        }
    }
}