{
    "confidence_score": 0.9415826201438904,
    "ptm": 0.9642407894134521,
    "iptm": 0.8914788961410522,
    "ligand_iptm": 0.8914788961410522,
    "protein_iptm": 0.0,
    "complex_plddt": 0.954108476638794,
    "complex_iplddt": 0.8930613398551941,
    "complex_pde": 0.4184335470199585,
    "complex_ipde": 1.2930011749267578,
    "chains_ptm": {
        "0": 0.9700100421905518,
        "1": 0.8387274146080017
    },
    "pair_chains_iptm": {
        "0": {
            "0": 0.9700100421905518,
            "1": 0.5733606815338135
        },
        "1": {
            "0": 0.8914788961410522,
            "1": 0.8387274146080017
        }
    }
}