{
    "confidence_score": 0.9413148760795593,
    "ptm": 0.9672554731369019,
    "iptm": 0.8900406360626221,
    "ligand_iptm": 0.8900406360626221,
    "protein_iptm": 0.0,
    "complex_plddt": 0.9541334509849548,
    "complex_iplddt": 0.8950437307357788,
    "complex_pde": 0.40803030133247375,
    "complex_ipde": 1.3270858526229858,
    "chains_ptm": {
        "0": 0.973515510559082,
        "1": 0.791359543800354
    },
    "pair_chains_iptm": {
        "0": {
            "0": 0.973515510559082,
            "1": 0.5528925657272339
        },
        "1": {
            "0": 0.8900406360626221,
            "1": 0.791359543800354
        }
    }
}