{
    "confidence_score": 0.9441404342651367,
    "ptm": 0.966362476348877,
    "iptm": 0.8887170553207397,
    "ligand_iptm": 0.8887170553207397,
    "protein_iptm": 0.0,
    "complex_plddt": 0.9579963088035583,
    "complex_iplddt": 0.9135168790817261,
    "complex_pde": 0.42420610785484314,
    "complex_ipde": 1.4285893440246582,
    "chains_ptm": {
        "0": 0.9726905822753906,
        "1": 0.7684481739997864
    },
    "pair_chains_iptm": {
        "0": {
            "0": 0.9726905822753906,
            "1": 0.5582168102264404
        },
        "1": {
            "0": 0.8887170553207397,
            "1": 0.7684481739997864
        }
    }
}