{
    "confidence_score": 0.9405588507652283,
    "ptm": 0.9659577012062073,
    "iptm": 0.8782612681388855,
    "ligand_iptm": 0.8782612681388855,
    "protein_iptm": 0.0,
    "complex_plddt": 0.9561331868171692,
    "complex_iplddt": 0.9048535227775574,
    "complex_pde": 0.4213457405567169,
    "complex_ipde": 1.39883553981781,
    "chains_ptm": {
        "0": 0.9730414748191833,
        "1": 0.7597087621688843
    },
    "pair_chains_iptm": {
        "0": {
            "0": 0.9730414748191833,
            "1": 0.566872775554657
        },
        "1": {
            "0": 0.8782612681388855,
            "1": 0.7597087621688843
        }
    }
}