{
    "confidence_score": 0.5481822490692139,
    "ptm": 0.7013827562332153,
    "iptm": 0.6222276091575623,
    "ligand_iptm": 0.6222276091575623,
    "protein_iptm": 0.0,
    "complex_plddt": 0.5296708941459656,
    "complex_iplddt": 0.23730796575546265,
    "complex_pde": 1.0217763185501099,
    "complex_ipde": 5.650216579437256,
    "chains_ptm": {
        "0": 0.9822906255722046,
        "1": 0.5494217276573181
    },
    "pair_chains_iptm": {
        "0": {
            "0": 0.9822906255722046,
            "1": 0.6222276091575623
        },
        "1": {
            "0": 0.45765888690948486,
            "1": 0.5494217276573181
        }
    }
}