{
    "confidence_score": 0.5347854495048523,
    "ptm": 0.6658216714859009,
    "iptm": 0.576165497303009,
    "ligand_iptm": 0.576165497303009,
    "protein_iptm": 0.0,
    "complex_plddt": 0.5244404673576355,
    "complex_iplddt": 0.22470802068710327,
    "complex_pde": 1.0678703784942627,
    "complex_ipde": 6.888637542724609,
    "chains_ptm": {
        "0": 0.9812963604927063,
        "1": 0.5630260705947876
    },
    "pair_chains_iptm": {
        "0": {
            "0": 0.9812963604927063,
            "1": 0.576165497303009
        },
        "1": {
            "0": 0.3942510783672333,
            "1": 0.5630260705947876
        }
    }
}