{
    "confidence_score": 0.5482579469680786,
    "ptm": 0.7093080878257751,
    "iptm": 0.5835784673690796,
    "ligand_iptm": 0.5835784673690796,
    "protein_iptm": 0.0,
    "complex_plddt": 0.5394277572631836,
    "complex_iplddt": 0.2541466951370239,
    "complex_pde": 0.9683911800384521,
    "complex_ipde": 5.446073532104492,
    "chains_ptm": {
        "0": 0.9829307198524475,
        "1": 0.5635126829147339
    },
    "pair_chains_iptm": {
        "0": {
            "0": 0.9829307198524475,
            "1": 0.5835784673690796
        },
        "1": {
            "0": 0.47157514095306396,
            "1": 0.5635126829147339
        }
    }
}