{
    "confidence_score": 0.5178687572479248,
    "ptm": 0.6890363097190857,
    "iptm": 0.5094153881072998,
    "ligand_iptm": 0.5094153881072998,
    "protein_iptm": 0.0,
    "complex_plddt": 0.519982099533081,
    "complex_iplddt": 0.2153417468070984,
    "complex_pde": 1.0098578929901123,
    "complex_ipde": 6.182121753692627,
    "chains_ptm": {
        "0": 0.9822735786437988,
        "1": 0.5664466619491577
    },
    "pair_chains_iptm": {
        "0": {
            "0": 0.9822735786437988,
            "1": 0.5094153881072998
        },
        "1": {
            "0": 0.4339958727359772,
            "1": 0.5664466619491577
        }
    }
}