{
    "confidence_score": 0.5390493273735046,
    "ptm": 0.700559139251709,
    "iptm": 0.6260577440261841,
    "ligand_iptm": 0.6260577440261841,
    "protein_iptm": 0.0,
    "complex_plddt": 0.5172972679138184,
    "complex_iplddt": 0.21440298855304718,
    "complex_pde": 1.0036851167678833,
    "complex_ipde": 5.857139587402344,
    "chains_ptm": {
        "0": 0.9839473962783813,
        "1": 0.5734368562698364
    },
    "pair_chains_iptm": {
        "0": {
            "0": 0.9839473962783813,
            "1": 0.6260577440261841
        },
        "1": {
            "0": 0.45259061455726624,
            "1": 0.5734368562698364
        }
    }
}