{
    "confidence_score": 0.5615192651748657,
    "ptm": 0.7372605204582214,
    "iptm": 0.641680121421814,
    "ligand_iptm": 0.641680121421814,
    "protein_iptm": 0.0,
    "complex_plddt": 0.5414789915084839,
    "complex_iplddt": 0.259187787771225,
    "complex_pde": 0.9350822567939758,
    "complex_ipde": 4.229161739349365,
    "chains_ptm": {
        "0": 0.983274519443512,
        "1": 0.5349181890487671
    },
    "pair_chains_iptm": {
        "0": {
            "0": 0.983274519443512,
            "1": 0.641680121421814
        },
        "1": {
            "0": 0.5234137177467346,
            "1": 0.5349181890487671
        }
    }
}