{
    "confidence_score": 0.5115222334861755,
    "ptm": 0.663428008556366,
    "iptm": 0.46799197793006897,
    "ligand_iptm": 0.46799197793006897,
    "protein_iptm": 0.0,
    "complex_plddt": 0.5224047899246216,
    "complex_iplddt": 0.21886396408081055,
    "complex_pde": 1.1175137758255005,
    "complex_ipde": 7.473005294799805,
    "chains_ptm": {
        "0": 0.9821416139602661,
        "1": 0.567410409450531
    },
    "pair_chains_iptm": {
        "0": {
            "0": 0.9821416139602661,
            "1": 0.46799197793006897
        },
        "1": {
            "0": 0.3894329369068146,
            "1": 0.567410409450531
        }
    }
}