{
    "confidence_score": 0.5319914221763611,
    "ptm": 0.6736879348754883,
    "iptm": 0.5828510522842407,
    "ligand_iptm": 0.5828510522842407,
    "protein_iptm": 0.0,
    "complex_plddt": 0.5192764401435852,
    "complex_iplddt": 0.22780030965805054,
    "complex_pde": 1.033971905708313,
    "complex_ipde": 6.0371246337890625,
    "chains_ptm": {
        "0": 0.9807592630386353,
        "1": 0.5599897503852844
    },
    "pair_chains_iptm": {
        "0": {
            "0": 0.9807592630386353,
            "1": 0.5828510522842407
        },
        "1": {
            "0": 0.4133458733558655,
            "1": 0.5599897503852844
        }
    }
}