{
    "confidence_score": 0.5533220767974854,
    "ptm": 0.7035295963287354,
    "iptm": 0.6131966710090637,
    "ligand_iptm": 0.6131966710090637,
    "protein_iptm": 0.0,
    "complex_plddt": 0.538353443145752,
    "complex_iplddt": 0.2525395452976227,
    "complex_pde": 1.0084036588668823,
    "complex_ipde": 5.810886383056641,
    "chains_ptm": {
        "0": 0.9822524189949036,
        "1": 0.5528790950775146
    },
    "pair_chains_iptm": {
        "0": {
            "0": 0.9822524189949036,
            "1": 0.6131966710090637
        },
        "1": {
            "0": 0.46452051401138306,
            "1": 0.5528790950775146
        }
    }
}