{
    "confidence_score": 0.5178502202033997,
    "ptm": 0.6781540513038635,
    "iptm": 0.5026237368583679,
    "ligand_iptm": 0.5026237368583679,
    "protein_iptm": 0.0,
    "complex_plddt": 0.5216568112373352,
    "complex_iplddt": 0.21666096150875092,
    "complex_pde": 1.034774661064148,
    "complex_ipde": 6.383776664733887,
    "chains_ptm": {
        "0": 0.9834510684013367,
        "1": 0.5541478395462036
    },
    "pair_chains_iptm": {
        "0": {
            "0": 0.9834510684013367,
            "1": 0.5026237368583679
        },
        "1": {
            "0": 0.41283538937568665,
            "1": 0.5541478395462036
        }
    }
}