{
    "confidence_score": 0.5434393286705017,
    "ptm": 0.6895243525505066,
    "iptm": 0.568383514881134,
    "ligand_iptm": 0.568383514881134,
    "protein_iptm": 0.0,
    "complex_plddt": 0.537203311920166,
    "complex_iplddt": 0.2485368698835373,
    "complex_pde": 1.0380239486694336,
    "complex_ipde": 5.9406914710998535,
    "chains_ptm": {
        "0": 0.9825194478034973,
        "1": 0.5504711866378784
    },
    "pair_chains_iptm": {
        "0": {
            "0": 0.9825194478034973,
            "1": 0.568383514881134
        },
        "1": {
            "0": 0.43582090735435486,
            "1": 0.5504711866378784
        }
    }
}