{
    "confidence_score": 0.5327726602554321,
    "ptm": 0.684848964214325,
    "iptm": 0.5998162031173706,
    "ligand_iptm": 0.5998162031173706,
    "protein_iptm": 0.0,
    "complex_plddt": 0.5160117149353027,
    "complex_iplddt": 0.20917141437530518,
    "complex_pde": 0.9775705933570862,
    "complex_ipde": 5.617650032043457,
    "chains_ptm": {
        "0": 0.9836286902427673,
        "1": 0.5601878762245178
    },
    "pair_chains_iptm": {
        "0": {
            "0": 0.9836286902427673,
            "1": 0.5998162031173706
        },
        "1": {
            "0": 0.4249045252799988,
            "1": 0.5601878762245178
        }
    }
}