{
    "confidence_score": 0.5445651412010193,
    "ptm": 0.7197485566139221,
    "iptm": 0.6396315097808838,
    "ligand_iptm": 0.6396315097808838,
    "protein_iptm": 0.0,
    "complex_plddt": 0.5207985639572144,
    "complex_iplddt": 0.22767582535743713,
    "complex_pde": 0.9502202272415161,
    "complex_ipde": 4.630104064941406,
    "chains_ptm": {
        "0": 0.982270359992981,
        "1": 0.5655723810195923
    },
    "pair_chains_iptm": {
        "0": {
            "0": 0.982270359992981,
            "1": 0.6396315097808838
        },
        "1": {
            "0": 0.4912088215351105,
            "1": 0.5655723810195923
        }
    }
}