{
    "confidence_score": 0.5503016710281372,
    "ptm": 0.7085196375846863,
    "iptm": 0.5922824144363403,
    "ligand_iptm": 0.5922824144363403,
    "protein_iptm": 0.0,
    "complex_plddt": 0.5398064851760864,
    "complex_iplddt": 0.26097431778907776,
    "complex_pde": 1.012360692024231,
    "complex_ipde": 4.929333209991455,
    "chains_ptm": {
        "0": 0.9810855388641357,
        "1": 0.5469684600830078
    },
    "pair_chains_iptm": {
        "0": {
            "0": 0.9810855388641357,
            "1": 0.5922824144363403
        },
        "1": {
            "0": 0.4733990728855133,
            "1": 0.5469684600830078
        }
    }
}