{
    "confidence_score": 0.5414968729019165,
    "ptm": 0.6950297951698303,
    "iptm": 0.6186330914497375,
    "ligand_iptm": 0.6186330914497375,
    "protein_iptm": 0.0,
    "complex_plddt": 0.5222128033638,
    "complex_iplddt": 0.22596114873886108,
    "complex_pde": 1.0257797241210938,
    "complex_ipde": 5.9045939445495605,
    "chains_ptm": {
        "0": 0.9817671179771423,
        "1": 0.5665669441223145
    },
    "pair_chains_iptm": {
        "0": {
            "0": 0.9817671179771423,
            "1": 0.6186330914497375
        },
        "1": {
            "0": 0.4442833662033081,
            "1": 0.5665669441223145
        }
    }
}