{
    "confidence_score": 0.5157164335250854,
    "ptm": 0.6771438717842102,
    "iptm": 0.4736995995044708,
    "ligand_iptm": 0.4736995995044708,
    "protein_iptm": 0.0,
    "complex_plddt": 0.5262206196784973,
    "complex_iplddt": 0.22710475325584412,
    "complex_pde": 1.018766164779663,
    "complex_ipde": 6.396182060241699,
    "chains_ptm": {
        "0": 0.9814662933349609,
        "1": 0.5720271468162537
    },
    "pair_chains_iptm": {
        "0": {
            "0": 0.9814662933349609,
            "1": 0.4736995995044708
        },
        "1": {
            "0": 0.41248318552970886,
            "1": 0.5720271468162537
        }
    }
}