{
    "confidence_score": 0.5548341870307922,
    "ptm": 0.7211791276931763,
    "iptm": 0.6656236052513123,
    "ligand_iptm": 0.6656236052513123,
    "protein_iptm": 0.0,
    "complex_plddt": 0.5271368026733398,
    "complex_iplddt": 0.2321188896894455,
    "complex_pde": 0.9319500923156738,
    "complex_ipde": 4.615695476531982,
    "chains_ptm": {
        "0": 0.981538712978363,
        "1": 0.572108268737793
    },
    "pair_chains_iptm": {
        "0": {
            "0": 0.981538712978363,
            "1": 0.6656236052513123
        },
        "1": {
            "0": 0.4939858317375183,
            "1": 0.572108268737793
        }
    }
}