{
    "confidence_score": 0.5463235974311829,
    "ptm": 0.7177579402923584,
    "iptm": 0.610085129737854,
    "ligand_iptm": 0.610085129737854,
    "protein_iptm": 0.0,
    "complex_plddt": 0.5303832292556763,
    "complex_iplddt": 0.2377541959285736,
    "complex_pde": 0.9233139157295227,
    "complex_ipde": 4.760153770446777,
    "chains_ptm": {
        "0": 0.982225775718689,
        "1": 0.5611339211463928
    },
    "pair_chains_iptm": {
        "0": {
            "0": 0.982225775718689,
            "1": 0.610085129737854
        },
        "1": {
            "0": 0.48651623725891113,
            "1": 0.5611339211463928
        }
    }
}