{
    "confidence_score": 0.516856849193573,
    "ptm": 0.6752553582191467,
    "iptm": 0.5024892091751099,
    "ligand_iptm": 0.5024892091751099,
    "protein_iptm": 0.0,
    "complex_plddt": 0.5204488039016724,
    "complex_iplddt": 0.21299727261066437,
    "complex_pde": 1.0156950950622559,
    "complex_ipde": 6.631182670593262,
    "chains_ptm": {
        "0": 0.9817878007888794,
        "1": 0.5819580554962158
    },
    "pair_chains_iptm": {
        "0": {
            "0": 0.9817878007888794,
            "1": 0.5024892091751099
        },
        "1": {
            "0": 0.40912601351737976,
            "1": 0.5819580554962158
        }
    }
}