{
    "confidence_score": 0.5093697905540466,
    "ptm": 0.6586319208145142,
    "iptm": 0.5041075944900513,
    "ligand_iptm": 0.5041075944900513,
    "protein_iptm": 0.0,
    "complex_plddt": 0.5106853246688843,
    "complex_iplddt": 0.1966763138771057,
    "complex_pde": 1.0493336915969849,
    "complex_ipde": 6.561659336090088,
    "chains_ptm": {
        "0": 0.9817570447921753,
        "1": 0.5603281259536743
    },
    "pair_chains_iptm": {
        "0": {
            "0": 0.9817570447921753,
            "1": 0.5041075944900513
        },
        "1": {
            "0": 0.3770797550678253,
            "1": 0.5603281259536743
        }
    }
}