{
    "confidence_score": 0.5133989453315735,
    "ptm": 0.6797387003898621,
    "iptm": 0.4949342608451843,
    "ligand_iptm": 0.4949342608451843,
    "protein_iptm": 0.0,
    "complex_plddt": 0.5180150866508484,
    "complex_iplddt": 0.20966529846191406,
    "complex_pde": 1.0616211891174316,
    "complex_ipde": 6.390188217163086,
    "chains_ptm": {
        "0": 0.9822230339050293,
        "1": 0.5440993905067444
    },
    "pair_chains_iptm": {
        "0": {
            "0": 0.9822230339050293,
            "1": 0.4949342608451843
        },
        "1": {
            "0": 0.4164181351661682,
            "1": 0.5440993905067444
        }
    }
}