{
    "confidence_score": 0.5162869691848755,
    "ptm": 0.7020957469940186,
    "iptm": 0.5077008008956909,
    "ligand_iptm": 0.5077008008956909,
    "protein_iptm": 0.0,
    "complex_plddt": 0.5184334516525269,
    "complex_iplddt": 0.21353523433208466,
    "complex_pde": 0.9598515033721924,
    "complex_ipde": 5.800023078918457,
    "chains_ptm": {
        "0": 0.981640100479126,
        "1": 0.5881864428520203
    },
    "pair_chains_iptm": {
        "0": {
            "0": 0.981640100479126,
            "1": 0.5077008008956909
        },
        "1": {
            "0": 0.45806884765625,
            "1": 0.5881864428520203
        }
    }
}