{
    "confidence_score": 0.5223161578178406,
    "ptm": 0.7039768099784851,
    "iptm": 0.5268544554710388,
    "ligand_iptm": 0.5268544554710388,
    "protein_iptm": 0.0,
    "complex_plddt": 0.5211815237998962,
    "complex_iplddt": 0.2229684591293335,
    "complex_pde": 0.9775276184082031,
    "complex_ipde": 5.283061981201172,
    "chains_ptm": {
        "0": 0.9810495972633362,
        "1": 0.5694647431373596
    },
    "pair_chains_iptm": {
        "0": {
            "0": 0.9810495972633362,
            "1": 0.5268544554710388
        },
        "1": {
            "0": 0.463300496339798,
            "1": 0.5694647431373596
        }
    }
}