{
    "confidence_score": 0.550233006477356,
    "ptm": 0.7160791158676147,
    "iptm": 0.6276730298995972,
    "ligand_iptm": 0.6276730298995972,
    "protein_iptm": 0.0,
    "complex_plddt": 0.5308729410171509,
    "complex_iplddt": 0.23697766661643982,
    "complex_pde": 0.9559874534606934,
    "complex_ipde": 5.086782932281494,
    "chains_ptm": {
        "0": 0.9808710813522339,
        "1": 0.5703656673431396
    },
    "pair_chains_iptm": {
        "0": {
            "0": 0.9808710813522339,
            "1": 0.6276730298995972
        },
        "1": {
            "0": 0.48668172955513,
            "1": 0.5703656673431396
        }
    }
}