{
    "confidence_score": 0.499336302280426,
    "ptm": 0.6640627980232239,
    "iptm": 0.4692308306694031,
    "ligand_iptm": 0.4692308306694031,
    "protein_iptm": 0.0,
    "complex_plddt": 0.5068626403808594,
    "complex_iplddt": 0.19415028393268585,
    "complex_pde": 1.0830340385437012,
    "complex_ipde": 6.9133429527282715,
    "chains_ptm": {
        "0": 0.9809362292289734,
        "1": 0.5624368190765381
    },
    "pair_chains_iptm": {
        "0": {
            "0": 0.9809362292289734,
            "1": 0.4692308306694031
        },
        "1": {
            "0": 0.3882457911968231,
            "1": 0.5624368190765381
        }
    }
}