{
    "confidence_score": 0.5534058809280396,
    "ptm": 0.6993284225463867,
    "iptm": 0.6354628801345825,
    "ligand_iptm": 0.6354628801345825,
    "protein_iptm": 0.0,
    "complex_plddt": 0.532891571521759,
    "complex_iplddt": 0.24662460386753082,
    "complex_pde": 1.0288318395614624,
    "complex_ipde": 5.276879787445068,
    "chains_ptm": {
        "0": 0.9801183938980103,
        "1": 0.5405950546264648
    },
    "pair_chains_iptm": {
        "0": {
            "0": 0.9801183938980103,
            "1": 0.6354628801345825
        },
        "1": {
            "0": 0.4559338092803955,
            "1": 0.5405950546264648
        }
    }
}