{
    "confidence_score": 0.5216535925865173,
    "ptm": 0.6845519542694092,
    "iptm": 0.5328928232192993,
    "ligand_iptm": 0.5328928232192993,
    "protein_iptm": 0.0,
    "complex_plddt": 0.5188437700271606,
    "complex_iplddt": 0.2083100527524948,
    "complex_pde": 1.0102897882461548,
    "complex_ipde": 5.796239376068115,
    "chains_ptm": {
        "0": 0.9833647608757019,
        "1": 0.5599848031997681
    },
    "pair_chains_iptm": {
        "0": {
            "0": 0.9833647608757019,
            "1": 0.5328928232192993
        },
        "1": {
            "0": 0.4237787425518036,
            "1": 0.5599848031997681
        }
    }
}