{
    "confidence_score": 0.5049133896827698,
    "ptm": 0.6616703271865845,
    "iptm": 0.4456454813480377,
    "ligand_iptm": 0.4456454813480377,
    "protein_iptm": 0.0,
    "complex_plddt": 0.5197303295135498,
    "complex_iplddt": 0.2143602818250656,
    "complex_pde": 1.1105543375015259,
    "complex_ipde": 7.752315521240234,
    "chains_ptm": {
        "0": 0.9821232557296753,
        "1": 0.5697173476219177
    },
    "pair_chains_iptm": {
        "0": {
            "0": 0.9821232557296753,
            "1": 0.4456454813480377
        },
        "1": {
            "0": 0.38262757658958435,
            "1": 0.5697173476219177
        }
    }
}