{
    "confidence_score": 0.5486389398574829,
    "ptm": 0.7076600193977356,
    "iptm": 0.6099494099617004,
    "ligand_iptm": 0.6099494099617004,
    "protein_iptm": 0.0,
    "complex_plddt": 0.5333113074302673,
    "complex_iplddt": 0.24031539261341095,
    "complex_pde": 0.9687855839729309,
    "complex_ipde": 5.166996002197266,
    "chains_ptm": {
        "0": 0.9818266034126282,
        "1": 0.5570343732833862
    },
    "pair_chains_iptm": {
        "0": {
            "0": 0.9818266034126282,
            "1": 0.6099494099617004
        },
        "1": {
            "0": 0.4679526090621948,
            "1": 0.5570343732833862
        }
    }
}