{
    "confidence_score": 0.5367132425308228,
    "ptm": 0.6974362730979919,
    "iptm": 0.5869527459144592,
    "ligand_iptm": 0.5869527459144592,
    "protein_iptm": 0.0,
    "complex_plddt": 0.5241533517837524,
    "complex_iplddt": 0.22914209961891174,
    "complex_pde": 1.0377676486968994,
    "complex_ipde": 5.602077484130859,
    "chains_ptm": {
        "0": 0.9802793264389038,
        "1": 0.5355445742607117
    },
    "pair_chains_iptm": {
        "0": {
            "0": 0.9802793264389038,
            "1": 0.5869527459144592
        },
        "1": {
            "0": 0.4516812264919281,
            "1": 0.5355445742607117
        }
    }
}