{
    "confidence_score": 0.6509963274002075,
    "ptm": 0.761552631855011,
    "iptm": 0.5674911737442017,
    "ligand_iptm": 0.5674911737442017,
    "protein_iptm": 0.0,
    "complex_plddt": 0.6718725562095642,
    "complex_iplddt": 0.41878458857536316,
    "complex_pde": 0.8912537693977356,
    "complex_ipde": 5.218496322631836,
    "chains_ptm": {
        "0": 0.9790870547294617,
        "1": 0.5794108510017395
    },
    "pair_chains_iptm": {
        "0": {
            "0": 0.9790870547294617,
            "1": 0.5674911737442017
        },
        "1": {
            "0": 0.5307676792144775,
            "1": 0.5794108510017395
        }
    }
}