{
    "confidence_score": 0.6379527449607849,
    "ptm": 0.7574607729911804,
    "iptm": 0.5765689611434937,
    "ligand_iptm": 0.5765689611434937,
    "protein_iptm": 0.0,
    "complex_plddt": 0.6532986164093018,
    "complex_iplddt": 0.387037456035614,
    "complex_pde": 0.9408178925514221,
    "complex_ipde": 5.659356117248535,
    "chains_ptm": {
        "0": 0.978874921798706,
        "1": 0.575227677822113
    },
    "pair_chains_iptm": {
        "0": {
            "0": 0.978874921798706,
            "1": 0.5765689611434937
        },
        "1": {
            "0": 0.5204423069953918,
            "1": 0.575227677822113
        }
    }
}