{
    "confidence_score": 0.6417393088340759,
    "ptm": 0.7511515021324158,
    "iptm": 0.5663704872131348,
    "ligand_iptm": 0.5663704872131348,
    "protein_iptm": 0.0,
    "complex_plddt": 0.6605815291404724,
    "complex_iplddt": 0.3994254767894745,
    "complex_pde": 0.9384676814079285,
    "complex_ipde": 5.835303783416748,
    "chains_ptm": {
        "0": 0.9787641763687134,
        "1": 0.5619159936904907
    },
    "pair_chains_iptm": {
        "0": {
            "0": 0.9787641763687134,
            "1": 0.5663704872131348
        },
        "1": {
            "0": 0.5064536333084106,
            "1": 0.5619159936904907
        }
    }
}