{
    "confidence_score": 0.6484352350234985,
    "ptm": 0.755824625492096,
    "iptm": 0.5566073656082153,
    "ligand_iptm": 0.5566073656082153,
    "protein_iptm": 0.0,
    "complex_plddt": 0.6713921427726746,
    "complex_iplddt": 0.42170843482017517,
    "complex_pde": 0.9479072093963623,
    "complex_ipde": 5.5113325119018555,
    "chains_ptm": {
        "0": 0.9780433773994446,
        "1": 0.579181969165802
    },
    "pair_chains_iptm": {
        "0": {
            "0": 0.9780433773994446,
            "1": 0.5566073656082153
        },
        "1": {
            "0": 0.5193914175033569,
            "1": 0.579181969165802
        }
    }
}