{
    "confidence_score": 0.6455418467521667,
    "ptm": 0.7635161280632019,
    "iptm": 0.5595752000808716,
    "ligand_iptm": 0.5595752000808716,
    "protein_iptm": 0.0,
    "complex_plddt": 0.6670334935188293,
    "complex_iplddt": 0.41307976841926575,
    "complex_pde": 0.9235071539878845,
    "complex_ipde": 5.233753204345703,
    "chains_ptm": {
        "0": 0.9784706830978394,
        "1": 0.5648026466369629
    },
    "pair_chains_iptm": {
        "0": {
            "0": 0.9784706830978394,
            "1": 0.5595752000808716
        },
        "1": {
            "0": 0.5341231822967529,
            "1": 0.5648026466369629
        }
    }
}