{
    "confidence_score": 0.6502130627632141,
    "ptm": 0.7646172046661377,
    "iptm": 0.5560853481292725,
    "ligand_iptm": 0.5560853481292725,
    "protein_iptm": 0.0,
    "complex_plddt": 0.6737449765205383,
    "complex_iplddt": 0.4234868884086609,
    "complex_pde": 0.9123188853263855,
    "complex_ipde": 5.140926361083984,
    "chains_ptm": {
        "0": 0.9789165258407593,
        "1": 0.5587901473045349
    },
    "pair_chains_iptm": {
        "0": {
            "0": 0.9789165258407593,
            "1": 0.5560853481292725
        },
        "1": {
            "0": 0.5392882823944092,
            "1": 0.5587901473045349
        }
    }
}