{
    "confidence_score": 0.6544116735458374,
    "ptm": 0.7605410218238831,
    "iptm": 0.5694248676300049,
    "ligand_iptm": 0.5694248676300049,
    "protein_iptm": 0.0,
    "complex_plddt": 0.6756583452224731,
    "complex_iplddt": 0.42766812443733215,
    "complex_pde": 0.9120568633079529,
    "complex_ipde": 5.437346935272217,
    "chains_ptm": {
        "0": 0.9793640971183777,
        "1": 0.5740743279457092
    },
    "pair_chains_iptm": {
        "0": {
            "0": 0.9793640971183777,
            "1": 0.5694248676300049
        },
        "1": {
            "0": 0.5285696387290955,
            "1": 0.5740743279457092
        }
    }
}