{
    "confidence_score": 0.6422964930534363,
    "ptm": 0.7629618644714355,
    "iptm": 0.5343397855758667,
    "ligand_iptm": 0.5343397855758667,
    "protein_iptm": 0.0,
    "complex_plddt": 0.6692857146263123,
    "complex_iplddt": 0.41720321774482727,
    "complex_pde": 0.9258862733840942,
    "complex_ipde": 4.923848628997803,
    "chains_ptm": {
        "0": 0.9778186082839966,
        "1": 0.5660173892974854
    },
    "pair_chains_iptm": {
        "0": {
            "0": 0.9778186082839966,
            "1": 0.5325458645820618
        },
        "1": {
            "0": 0.5343397855758667,
            "1": 0.5660173892974854
        }
    }
}