{
    "confidence_score": 0.6474987864494324,
    "ptm": 0.7615147829055786,
    "iptm": 0.556281566619873,
    "ligand_iptm": 0.556281566619873,
    "protein_iptm": 0.0,
    "complex_plddt": 0.6703030467033386,
    "complex_iplddt": 0.41738757491111755,
    "complex_pde": 0.9233613014221191,
    "complex_ipde": 5.524981498718262,
    "chains_ptm": {
        "0": 0.9811463356018066,
        "1": 0.5616848468780518
    },
    "pair_chains_iptm": {
        "0": {
            "0": 0.9811463356018066,
            "1": 0.556281566619873
        },
        "1": {
            "0": 0.5279378294944763,
            "1": 0.5616848468780518
        }
    }
}