{
    "confidence_score": 0.6540605425834656,
    "ptm": 0.7656987905502319,
    "iptm": 0.5643125772476196,
    "ligand_iptm": 0.5643125772476196,
    "protein_iptm": 0.0,
    "complex_plddt": 0.6764975190162659,
    "complex_iplddt": 0.42817065119743347,
    "complex_pde": 0.8902035355567932,
    "complex_ipde": 4.9753851890563965,
    "chains_ptm": {
        "0": 0.978336751461029,
        "1": 0.5781813263893127
    },
    "pair_chains_iptm": {
        "0": {
            "0": 0.978336751461029,
            "1": 0.5643125772476196
        },
        "1": {
            "0": 0.5392770767211914,
            "1": 0.5781813263893127
        }
    }
}