{
    "confidence_score": 0.646867036819458,
    "ptm": 0.7610352635383606,
    "iptm": 0.5403943061828613,
    "ligand_iptm": 0.5403943061828613,
    "protein_iptm": 0.0,
    "complex_plddt": 0.6734852194786072,
    "complex_iplddt": 0.42262738943099976,
    "complex_pde": 0.9370678663253784,
    "complex_ipde": 5.607536315917969,
    "chains_ptm": {
        "0": 0.9795925617218018,
        "1": 0.5760639309883118
    },
    "pair_chains_iptm": {
        "0": {
            "0": 0.9795925617218018,
            "1": 0.5403943061828613
        },
        "1": {
            "0": 0.5283209085464478,
            "1": 0.5760639309883118
        }
    }
}