{
    "confidence_score": 0.6449856162071228,
    "ptm": 0.758300244808197,
    "iptm": 0.5475496649742126,
    "ligand_iptm": 0.5475496649742126,
    "protein_iptm": 0.0,
    "complex_plddt": 0.6693446040153503,
    "complex_iplddt": 0.4167340099811554,
    "complex_pde": 0.9262086153030396,
    "complex_ipde": 5.153479099273682,
    "chains_ptm": {
        "0": 0.9782976508140564,
        "1": 0.5696336030960083
    },
    "pair_chains_iptm": {
        "0": {
            "0": 0.9782976508140564,
            "1": 0.5475496649742126
        },
        "1": {
            "0": 0.5264892578125,
            "1": 0.5696336030960083
        }
    }
}