{
    "confidence_score": 0.6560568809509277,
    "ptm": 0.763088047504425,
    "iptm": 0.5771467685699463,
    "ligand_iptm": 0.5771467685699463,
    "protein_iptm": 0.0,
    "complex_plddt": 0.6757844090461731,
    "complex_iplddt": 0.42500779032707214,
    "complex_pde": 0.8910755515098572,
    "complex_ipde": 5.155993938446045,
    "chains_ptm": {
        "0": 0.9792646765708923,
        "1": 0.5792121291160583
    },
    "pair_chains_iptm": {
        "0": {
            "0": 0.9792646765708923,
            "1": 0.5771467685699463
        },
        "1": {
            "0": 0.5336624979972839,
            "1": 0.5792121291160583
        }
    }
}