{
    "confidence_score": 0.6392269134521484,
    "ptm": 0.7589301466941833,
    "iptm": 0.5479265451431274,
    "ligand_iptm": 0.5479265451431274,
    "protein_iptm": 0.0,
    "complex_plddt": 0.6620519757270813,
    "complex_iplddt": 0.4000122547149658,
    "complex_pde": 0.9176554679870605,
    "complex_ipde": 5.3078155517578125,
    "chains_ptm": {
        "0": 0.978409469127655,
        "1": 0.5502172708511353
    },
    "pair_chains_iptm": {
        "0": {
            "0": 0.978409469127655,
            "1": 0.5479265451431274
        },
        "1": {
            "0": 0.5248364806175232,
            "1": 0.5502172708511353
        }
    }
}