{
    "confidence_score": 0.641558825969696,
    "ptm": 0.7636662721633911,
    "iptm": 0.5340248346328735,
    "ligand_iptm": 0.5340248346328735,
    "protein_iptm": 0.0,
    "complex_plddt": 0.6684423089027405,
    "complex_iplddt": 0.41525840759277344,
    "complex_pde": 0.904219388961792,
    "complex_ipde": 5.3098530769348145,
    "chains_ptm": {
        "0": 0.9791743755340576,
        "1": 0.5857393741607666
    },
    "pair_chains_iptm": {
        "0": {
            "0": 0.9791743755340576,
            "1": 0.5227593779563904
        },
        "1": {
            "0": 0.5340248346328735,
            "1": 0.5857393741607666
        }
    }
}