{
    "confidence_score": 0.64565509557724,
    "ptm": 0.7653152942657471,
    "iptm": 0.5522128343582153,
    "ligand_iptm": 0.5522128343582153,
    "protein_iptm": 0.0,
    "complex_plddt": 0.6690155863761902,
    "complex_iplddt": 0.4168756604194641,
    "complex_pde": 0.9127981066703796,
    "complex_ipde": 5.138309955596924,
    "chains_ptm": {
        "0": 0.9802662134170532,
        "1": 0.5594293475151062
    },
    "pair_chains_iptm": {
        "0": {
            "0": 0.9802662134170532,
            "1": 0.5522128343582153
        },
        "1": {
            "0": 0.5353482961654663,
            "1": 0.5594293475151062
        }
    }
}