{
    "confidence_score": 0.561776340007782,
    "ptm": 0.6995491981506348,
    "iptm": 0.44690603017807007,
    "ligand_iptm": 0.44690603017807007,
    "protein_iptm": 0.0,
    "complex_plddt": 0.59049391746521,
    "complex_iplddt": 0.2758006155490875,
    "complex_pde": 1.1379858255386353,
    "complex_ipde": 8.31592082977295,
    "chains_ptm": {
        "0": 0.9720935225486755,
        "1": 0.5893158316612244
    },
    "pair_chains_iptm": {
        "0": {
            "0": 0.9720935225486755,
            "1": 0.44690603017807007
        },
        "1": {
            "0": 0.41708654165267944,
            "1": 0.5893158316612244
        }
    }
}