{
    "confidence_score": 0.6621342897415161,
    "ptm": 0.8199813961982727,
    "iptm": 0.6644852757453918,
    "ligand_iptm": 0.6644852757453918,
    "protein_iptm": 0.0,
    "complex_plddt": 0.661546528339386,
    "complex_iplddt": 0.4337383806705475,
    "complex_pde": 1.0059661865234375,
    "complex_ipde": 4.76203727722168,
    "chains_ptm": {
        "0": 0.9695373177528381,
        "1": 0.5897800326347351
    },
    "pair_chains_iptm": {
        "0": {
            "0": 0.9695373177528381,
            "1": 0.5119015574455261
        },
        "1": {
            "0": 0.6644852757453918,
            "1": 0.5897800326347351
        }
    }
}