{
    "confidence_score": 0.5932548642158508,
    "ptm": 0.7416920065879822,
    "iptm": 0.5015438795089722,
    "ligand_iptm": 0.5015438795089722,
    "protein_iptm": 0.0,
    "complex_plddt": 0.6161826252937317,
    "complex_iplddt": 0.3381352722644806,
    "complex_pde": 1.095007300376892,
    "complex_ipde": 7.199904441833496,
    "chains_ptm": {
        "0": 0.9706323146820068,
        "1": 0.5554961562156677
    },
    "pair_chains_iptm": {
        "0": {
            "0": 0.9706323146820068,
            "1": 0.4427047371864319
        },
        "1": {
            "0": 0.5015438795089722,
            "1": 0.5554961562156677
        }
    }
}