{
    "confidence_score": 0.5748960375785828,
    "ptm": 0.7363422513008118,
    "iptm": 0.49803438782691956,
    "ligand_iptm": 0.49803438782691956,
    "protein_iptm": 0.0,
    "complex_plddt": 0.5941113829612732,
    "complex_iplddt": 0.28946107625961304,
    "complex_pde": 1.0611202716827393,
    "complex_ipde": 6.887053489685059,
    "chains_ptm": {
        "0": 0.9714131951332092,
        "1": 0.5909131765365601
    },
    "pair_chains_iptm": {
        "0": {
            "0": 0.9714131951332092,
            "1": 0.49803438782691956
        },
        "1": {
            "0": 0.4872029423713684,
            "1": 0.5909131765365601
        }
    }
}