{
    "confidence_score": 0.6001025438308716,
    "ptm": 0.7516626119613647,
    "iptm": 0.5289005041122437,
    "ligand_iptm": 0.5289005041122437,
    "protein_iptm": 0.0,
    "complex_plddt": 0.6179029941558838,
    "complex_iplddt": 0.3379803001880646,
    "complex_pde": 1.0746785402297974,
    "complex_ipde": 6.963068962097168,
    "chains_ptm": {
        "0": 0.9720321297645569,
        "1": 0.5700474977493286
    },
    "pair_chains_iptm": {
        "0": {
            "0": 0.9720321297645569,
            "1": 0.5289005041122437
        },
        "1": {
            "0": 0.5246588587760925,
            "1": 0.5700474977493286
        }
    }
}