{
    "confidence_score": 0.5687347650527954,
    "ptm": 0.70567786693573,
    "iptm": 0.46463799476623535,
    "ligand_iptm": 0.46463799476623535,
    "protein_iptm": 0.0,
    "complex_plddt": 0.594758927822113,
    "complex_iplddt": 0.2853652536869049,
    "complex_pde": 1.095591425895691,
    "complex_ipde": 7.631120681762695,
    "chains_ptm": {
        "0": 0.9730342626571655,
        "1": 0.5750211477279663
    },
    "pair_chains_iptm": {
        "0": {
            "0": 0.9730342626571655,
            "1": 0.46463799476623535
        },
        "1": {
            "0": 0.42952027916908264,
            "1": 0.5750211477279663
        }
    }
}