{
    "confidence_score": 0.5412770509719849,
    "ptm": 0.6852132081985474,
    "iptm": 0.38736265897750854,
    "ligand_iptm": 0.38736265897750854,
    "protein_iptm": 0.0,
    "complex_plddt": 0.5797556042671204,
    "complex_iplddt": 0.25480085611343384,
    "complex_pde": 1.2050962448120117,
    "complex_ipde": 9.359148979187012,
    "chains_ptm": {
        "0": 0.9693413376808167,
        "1": 0.5853680372238159
    },
    "pair_chains_iptm": {
        "0": {
            "0": 0.9693413376808167,
            "1": 0.3476237952709198
        },
        "1": {
            "0": 0.38736265897750854,
            "1": 0.5853680372238159
        }
    }
}