{
    "confidence_score": 0.577204167842865,
    "ptm": 0.7273335456848145,
    "iptm": 0.4788191616535187,
    "ligand_iptm": 0.4788191616535187,
    "protein_iptm": 0.0,
    "complex_plddt": 0.6018003821372986,
    "complex_iplddt": 0.30827391147613525,
    "complex_pde": 1.1445094347000122,
    "complex_ipde": 7.608239650726318,
    "chains_ptm": {
        "0": 0.9691115021705627,
        "1": 0.5454704165458679
    },
    "pair_chains_iptm": {
        "0": {
            "0": 0.9691115021705627,
            "1": 0.4788191616535187
        },
        "1": {
            "0": 0.47853267192840576,
            "1": 0.5454704165458679
        }
    }
}