{
    "confidence_score": 0.5581450462341309,
    "ptm": 0.7000437378883362,
    "iptm": 0.41835713386535645,
    "ligand_iptm": 0.41835713386535645,
    "protein_iptm": 0.0,
    "complex_plddt": 0.5930920243263245,
    "complex_iplddt": 0.28177204728126526,
    "complex_pde": 1.1195119619369507,
    "complex_ipde": 8.21876049041748,
    "chains_ptm": {
        "0": 0.9697173237800598,
        "1": 0.5687985420227051
    },
    "pair_chains_iptm": {
        "0": {
            "0": 0.9697173237800598,
            "1": 0.41835713386535645
        },
        "1": {
            "0": 0.4159388542175293,
            "1": 0.5687985420227051
        }
    }
}