{
    "confidence_score": 0.595090389251709,
    "ptm": 0.7567460536956787,
    "iptm": 0.5333601236343384,
    "ligand_iptm": 0.5333601236343384,
    "protein_iptm": 0.0,
    "complex_plddt": 0.610522985458374,
    "complex_iplddt": 0.3255634307861328,
    "complex_pde": 1.0353846549987793,
    "complex_ipde": 6.0925517082214355,
    "chains_ptm": {
        "0": 0.9715607762336731,
        "1": 0.5618087649345398
    },
    "pair_chains_iptm": {
        "0": {
            "0": 0.9715607762336731,
            "1": 0.5232674479484558
        },
        "1": {
            "0": 0.5333601236343384,
            "1": 0.5618087649345398
        }
    }
}