{
    "confidence_score": 0.6072252988815308,
    "ptm": 0.7582783102989197,
    "iptm": 0.5368984341621399,
    "ligand_iptm": 0.5368984341621399,
    "protein_iptm": 0.0,
    "complex_plddt": 0.6248070001602173,
    "complex_iplddt": 0.3547232747077942,
    "complex_pde": 1.053593397140503,
    "complex_ipde": 6.272759437561035,
    "chains_ptm": {
        "0": 0.9718455672264099,
        "1": 0.5570521950721741
    },
    "pair_chains_iptm": {
        "0": {
            "0": 0.9718455672264099,
            "1": 0.5263268351554871
        },
        "1": {
            "0": 0.5368984341621399,
            "1": 0.5570521950721741
        }
    }
}