{
    "confidence_score": 0.5789613723754883,
    "ptm": 0.7189297676086426,
    "iptm": 0.4611695110797882,
    "ligand_iptm": 0.4611695110797882,
    "protein_iptm": 0.0,
    "complex_plddt": 0.6084093451499939,
    "complex_iplddt": 0.3085206151008606,
    "complex_pde": 1.065637230873108,
    "complex_ipde": 7.029684543609619,
    "chains_ptm": {
        "0": 0.9711727499961853,
        "1": 0.5759500861167908
    },
    "pair_chains_iptm": {
        "0": {
            "0": 0.9711727499961853,
            "1": 0.4611695110797882
        },
        "1": {
            "0": 0.45742619037628174,
            "1": 0.5759500861167908
        }
    }
}