{
    "confidence_score": 0.5729402899742126,
    "ptm": 0.7299649715423584,
    "iptm": 0.4825303852558136,
    "ligand_iptm": 0.4825303852558136,
    "protein_iptm": 0.0,
    "complex_plddt": 0.5955427289009094,
    "complex_iplddt": 0.3048655390739441,
    "complex_pde": 1.142364501953125,
    "complex_ipde": 7.3799333572387695,
    "chains_ptm": {
        "0": 0.9675493240356445,
        "1": 0.5674113035202026
    },
    "pair_chains_iptm": {
        "0": {
            "0": 0.9675493240356445,
            "1": 0.44234132766723633
        },
        "1": {
            "0": 0.4825303852558136,
            "1": 0.5674113035202026
        }
    }
}