{
    "confidence_score": 0.5849032998085022,
    "ptm": 0.7193616628646851,
    "iptm": 0.517989456653595,
    "ligand_iptm": 0.517989456653595,
    "protein_iptm": 0.0,
    "complex_plddt": 0.601631760597229,
    "complex_iplddt": 0.296477347612381,
    "complex_pde": 1.0979583263397217,
    "complex_ipde": 7.283695697784424,
    "chains_ptm": {
        "0": 0.9721413254737854,
        "1": 0.564483106136322
    },
    "pair_chains_iptm": {
        "0": {
            "0": 0.9721413254737854,
            "1": 0.517989456653595
        },
        "1": {
            "0": 0.4590458869934082,
            "1": 0.564483106136322
        }
    }
}