{
    "confidence_score": 0.5973629951477051,
    "ptm": 0.7498021721839905,
    "iptm": 0.5230671763420105,
    "ligand_iptm": 0.5230671763420105,
    "protein_iptm": 0.0,
    "complex_plddt": 0.6159369349479675,
    "complex_iplddt": 0.33689671754837036,
    "complex_pde": 1.0787155628204346,
    "complex_ipde": 6.729815483093262,
    "chains_ptm": {
        "0": 0.9692100286483765,
        "1": 0.5608723759651184
    },
    "pair_chains_iptm": {
        "0": {
            "0": 0.9692100286483765,
            "1": 0.48273181915283203
        },
        "1": {
            "0": 0.5230671763420105,
            "1": 0.5608723759651184
        }
    }
}