{
    "confidence_score": 0.584953248500824,
    "ptm": 0.7392581105232239,
    "iptm": 0.4999604821205139,
    "ligand_iptm": 0.4999604821205139,
    "protein_iptm": 0.0,
    "complex_plddt": 0.6062014698982239,
    "complex_iplddt": 0.31832531094551086,
    "complex_pde": 1.135791301727295,
    "complex_ipde": 7.125980377197266,
    "chains_ptm": {
        "0": 0.9696305990219116,
        "1": 0.5419496893882751
    },
    "pair_chains_iptm": {
        "0": {
            "0": 0.9696305990219116,
            "1": 0.47309237718582153
        },
        "1": {
            "0": 0.4999604821205139,
            "1": 0.5419496893882751
        }
    }
}