{
    "confidence_score": 0.5884236693382263,
    "ptm": 0.7352303266525269,
    "iptm": 0.5199931263923645,
    "ligand_iptm": 0.5199931263923645,
    "protein_iptm": 0.0,
    "complex_plddt": 0.6055313348770142,
    "complex_iplddt": 0.3165569603443146,
    "complex_pde": 1.089754581451416,
    "complex_ipde": 7.204340934753418,
    "chains_ptm": {
        "0": 0.9705092310905457,
        "1": 0.5652959942817688
    },
    "pair_chains_iptm": {
        "0": {
            "0": 0.9705092310905457,
            "1": 0.5199931263923645
        },
        "1": {
            "0": 0.49270692467689514,
            "1": 0.5652959942817688
        }
    }
}