{
    "confidence_score": 0.5817157626152039,
    "ptm": 0.7321900725364685,
    "iptm": 0.48361465334892273,
    "ligand_iptm": 0.48361465334892273,
    "protein_iptm": 0.0,
    "complex_plddt": 0.6062410473823547,
    "complex_iplddt": 0.32158663868904114,
    "complex_pde": 1.1365190744400024,
    "complex_ipde": 7.300262928009033,
    "chains_ptm": {
        "0": 0.9707821607589722,
        "1": 0.5599699020385742
    },
    "pair_chains_iptm": {
        "0": {
            "0": 0.9707821607589722,
            "1": 0.4692569673061371
        },
        "1": {
            "0": 0.48361465334892273,
            "1": 0.5599699020385742
        }
    }
}