{
    "confidence_score": 0.5865693092346191,
    "ptm": 0.7307789325714111,
    "iptm": 0.5454443693161011,
    "ligand_iptm": 0.5454443693161011,
    "protein_iptm": 0.0,
    "complex_plddt": 0.596850574016571,
    "complex_iplddt": 0.2922188937664032,
    "complex_pde": 1.073235034942627,
    "complex_ipde": 6.958055019378662,
    "chains_ptm": {
        "0": 0.9715195894241333,
        "1": 0.5628042817115784
    },
    "pair_chains_iptm": {
        "0": {
            "0": 0.9715195894241333,
            "1": 0.5454443693161011
        },
        "1": {
            "0": 0.4820699989795685,
            "1": 0.5628042817115784
        }
    }
}