{
    "confidence_score": 0.584231972694397,
    "ptm": 0.7321352362632751,
    "iptm": 0.486855149269104,
    "ligand_iptm": 0.486855149269104,
    "protein_iptm": 0.0,
    "complex_plddt": 0.6085761189460754,
    "complex_iplddt": 0.3233945369720459,
    "complex_pde": 1.1319975852966309,
    "complex_ipde": 7.637374401092529,
    "chains_ptm": {
        "0": 0.9712824821472168,
        "1": 0.5441197752952576
    },
    "pair_chains_iptm": {
        "0": {
            "0": 0.9712824821472168,
            "1": 0.46742764115333557
        },
        "1": {
            "0": 0.486855149269104,
            "1": 0.5441197752952576
        }
    }
}