{
    "confidence_score": 0.5860099792480469,
    "ptm": 0.7143301963806152,
    "iptm": 0.5000491738319397,
    "ligand_iptm": 0.5000491738319397,
    "protein_iptm": 0.0,
    "complex_plddt": 0.6075001955032349,
    "complex_iplddt": 0.3086680769920349,
    "complex_pde": 1.0990344285964966,
    "complex_ipde": 7.356614589691162,
    "chains_ptm": {
        "0": 0.9712798595428467,
        "1": 0.5664086937904358
    },
    "pair_chains_iptm": {
        "0": {
            "0": 0.9712798595428467,
            "1": 0.5000491738319397
        },
        "1": {
            "0": 0.4492802619934082,
            "1": 0.5664086937904358
        }
    }
}