{
    "confidence_score": 0.5811579823493958,
    "ptm": 0.7348321080207825,
    "iptm": 0.48771408200263977,
    "ligand_iptm": 0.48771408200263977,
    "protein_iptm": 0.0,
    "complex_plddt": 0.6045189499855042,
    "complex_iplddt": 0.315974622964859,
    "complex_pde": 1.128169298171997,
    "complex_ipde": 7.50969123840332,
    "chains_ptm": {
        "0": 0.9702702760696411,
        "1": 0.5605695843696594
    },
    "pair_chains_iptm": {
        "0": {
            "0": 0.9702702760696411,
            "1": 0.4814991056919098
        },
        "1": {
            "0": 0.48771408200263977,
            "1": 0.5605695843696594
        }
    }
}