{
    "confidence_score": 0.592860996723175,
    "ptm": 0.7445164918899536,
    "iptm": 0.5125006437301636,
    "ligand_iptm": 0.5125006437301636,
    "protein_iptm": 0.0,
    "complex_plddt": 0.6129510402679443,
    "complex_iplddt": 0.33281874656677246,
    "complex_pde": 1.0941613912582397,
    "complex_ipde": 6.6879801750183105,
    "chains_ptm": {
        "0": 0.9694468975067139,
        "1": 0.5618519186973572
    },
    "pair_chains_iptm": {
        "0": {
            "0": 0.9694468975067139,
            "1": 0.47735777497291565
        },
        "1": {
            "0": 0.5125006437301636,
            "1": 0.5618519186973572
        }
    }
}