{
    "confidence_score": 0.5514656901359558,
    "ptm": 0.666067898273468,
    "iptm": 0.34663325548171997,
    "ligand_iptm": 0.34663325548171997,
    "protein_iptm": 0.0,
    "complex_plddt": 0.6026737689971924,
    "complex_iplddt": 0.3068685531616211,
    "complex_pde": 1.343732237815857,
    "complex_ipde": 10.98411750793457,
    "chains_ptm": {
        "0": 0.9715602397918701,
        "1": 0.5537151098251343
    },
    "pair_chains_iptm": {
        "0": {
            "0": 0.9715602397918701,
            "1": 0.23765341937541962
        },
        "1": {
            "0": 0.34663325548171997,
            "1": 0.5537151098251343
        }
    }
}