{
    "confidence_score": 0.5880752205848694,
    "ptm": 0.724597156047821,
    "iptm": 0.5133206844329834,
    "ligand_iptm": 0.5133206844329834,
    "protein_iptm": 0.0,
    "complex_plddt": 0.6067638397216797,
    "complex_iplddt": 0.31094101071357727,
    "complex_pde": 1.080493688583374,
    "complex_ipde": 6.9934539794921875,
    "chains_ptm": {
        "0": 0.9701945781707764,
        "1": 0.5673574209213257
    },
    "pair_chains_iptm": {
        "0": {
            "0": 0.9701945781707764,
            "1": 0.5133206844329834
        },
        "1": {
            "0": 0.47119688987731934,
            "1": 0.5673574209213257
        }
    }
}