{
    "confidence_score": 0.5620571374893188,
    "ptm": 0.7073724865913391,
    "iptm": 0.46373099088668823,
    "ligand_iptm": 0.46373099088668823,
    "protein_iptm": 0.0,
    "complex_plddt": 0.5866386294364929,
    "complex_iplddt": 0.2680814862251282,
    "complex_pde": 1.1012123823165894,
    "complex_ipde": 7.65622091293335,
    "chains_ptm": {
        "0": 0.9707364439964294,
        "1": 0.5925317406654358
    },
    "pair_chains_iptm": {
        "0": {
            "0": 0.9707364439964294,
            "1": 0.46373099088668823
        },
        "1": {
            "0": 0.4338191747665405,
            "1": 0.5925317406654358
        }
    }
}