{
    "confidence_score": 0.5594366788864136,
    "ptm": 0.6869828701019287,
    "iptm": 0.49382761120796204,
    "ligand_iptm": 0.49382761120796204,
    "protein_iptm": 0.0,
    "complex_plddt": 0.5758389234542847,
    "complex_iplddt": 0.24951119720935822,
    "complex_pde": 1.2223280668258667,
    "complex_ipde": 9.431615829467773,
    "chains_ptm": {
        "0": 0.971756637096405,
        "1": 0.5496317148208618
    },
    "pair_chains_iptm": {
        "0": {
            "0": 0.971756637096405,
            "1": 0.49382761120796204
        },
        "1": {
            "0": 0.38700851798057556,
            "1": 0.5496317148208618
        }
    }
}