{
    "confidence_score": 0.5878780484199524,
    "ptm": 0.7449915409088135,
    "iptm": 0.5118807554244995,
    "ligand_iptm": 0.5118807554244995,
    "protein_iptm": 0.0,
    "complex_plddt": 0.606877326965332,
    "complex_iplddt": 0.32225027680397034,
    "complex_pde": 1.106307864189148,
    "complex_ipde": 6.902855396270752,
    "chains_ptm": {
        "0": 0.9694855213165283,
        "1": 0.5347084999084473
    },
    "pair_chains_iptm": {
        "0": {
            "0": 0.9694855213165283,
            "1": 0.4622972011566162
        },
        "1": {
            "0": 0.5118807554244995,
            "1": 0.5347084999084473
        }
    }
}