{
    "confidence_score": 0.5615633130073547,
    "ptm": 0.6997056603431702,
    "iptm": 0.4747250974178314,
    "ligand_iptm": 0.4747250974178314,
    "protein_iptm": 0.0,
    "complex_plddt": 0.5832728743553162,
    "complex_iplddt": 0.261762797832489,
    "complex_pde": 1.1178580522537231,
    "complex_ipde": 7.4708027839660645,
    "chains_ptm": {
        "0": 0.9700155258178711,
        "1": 0.5533694624900818
    },
    "pair_chains_iptm": {
        "0": {
            "0": 0.9700155258178711,
            "1": 0.4747250974178314
        },
        "1": {
            "0": 0.4192245900630951,
            "1": 0.5533694624900818
        }
    }
}