{
    "confidence_score": 0.5709879398345947,
    "ptm": 0.7211446762084961,
    "iptm": 0.48910802602767944,
    "ligand_iptm": 0.48910802602767944,
    "protein_iptm": 0.0,
    "complex_plddt": 0.5914579033851624,
    "complex_iplddt": 0.2859571874141693,
    "complex_pde": 1.1384552717208862,
    "complex_ipde": 7.528491497039795,
    "chains_ptm": {
        "0": 0.9700362682342529,
        "1": 0.5620561838150024
    },
    "pair_chains_iptm": {
        "0": {
            "0": 0.9700362682342529,
            "1": 0.48910802602767944
        },
        "1": {
            "0": 0.4637823700904846,
            "1": 0.5620561838150024
        }
    }
}