{
    "confidence_score": 0.6414394378662109,
    "ptm": 0.7603040337562561,
    "iptm": 0.5369961857795715,
    "ligand_iptm": 0.5369961857795715,
    "protein_iptm": 0.0,
    "complex_plddt": 0.667550265789032,
    "complex_iplddt": 0.4107959270477295,
    "complex_pde": 0.9157652854919434,
    "complex_ipde": 5.25264835357666,
    "chains_ptm": {
        "0": 0.977472722530365,
        "1": 0.5640645623207092
    },
    "pair_chains_iptm": {
        "0": {
            "0": 0.977472722530365,
            "1": 0.5369961857795715
        },
        "1": {
            "0": 0.5283218622207642,
            "1": 0.5640645623207092
        }
    }
}