{
    "confidence_score": 0.6384574174880981,
    "ptm": 0.7602665424346924,
    "iptm": 0.5257400870323181,
    "ligand_iptm": 0.5257400870323181,
    "protein_iptm": 0.0,
    "complex_plddt": 0.6666367053985596,
    "complex_iplddt": 0.4114511013031006,
    "complex_pde": 0.9232678413391113,
    "complex_ipde": 5.553536891937256,
    "chains_ptm": {
        "0": 0.9796372652053833,
        "1": 0.578290581703186
    },
    "pair_chains_iptm": {
        "0": {
            "0": 0.9796372652053833,
            "1": 0.5008624196052551
        },
        "1": {
            "0": 0.5257400870323181,
            "1": 0.578290581703186
        }
    }
}