{
    "confidence_score": 0.6443797945976257,
    "ptm": 0.7575758099555969,
    "iptm": 0.5515233278274536,
    "ligand_iptm": 0.5515233278274536,
    "protein_iptm": 0.0,
    "complex_plddt": 0.6675939559936523,
    "complex_iplddt": 0.40811073780059814,
    "complex_pde": 0.9117430448532104,
    "complex_ipde": 5.431410312652588,
    "chains_ptm": {
        "0": 0.9783518314361572,
        "1": 0.5861384868621826
    },
    "pair_chains_iptm": {
        "0": {
            "0": 0.9783518314361572,
            "1": 0.5515233278274536
        },
        "1": {
            "0": 0.5214526057243347,
            "1": 0.5861384868621826
        }
    }
}