{
    "confidence_score": 0.6418163180351257,
    "ptm": 0.754706621170044,
    "iptm": 0.5494723916053772,
    "ligand_iptm": 0.5494723916053772,
    "protein_iptm": 0.0,
    "complex_plddt": 0.6649022698402405,
    "complex_iplddt": 0.40693360567092896,
    "complex_pde": 0.9313850402832031,
    "complex_ipde": 5.545232772827148,
    "chains_ptm": {
        "0": 0.9796828031539917,
        "1": 0.5642346739768982
    },
    "pair_chains_iptm": {
        "0": {
            "0": 0.9796828031539917,
            "1": 0.5494723916053772
        },
        "1": {
            "0": 0.5140195488929749,
            "1": 0.5642346739768982
        }
    }
}