{
    "confidence_score": 0.639441967010498,
    "ptm": 0.7583592534065247,
    "iptm": 0.5613743662834167,
    "ligand_iptm": 0.5613743662834167,
    "protein_iptm": 0.0,
    "complex_plddt": 0.6589588522911072,
    "complex_iplddt": 0.39654237031936646,
    "complex_pde": 0.9379196166992188,
    "complex_ipde": 5.169452667236328,
    "chains_ptm": {
        "0": 0.97760009765625,
        "1": 0.5747906565666199
    },
    "pair_chains_iptm": {
        "0": {
            "0": 0.97760009765625,
            "1": 0.5613743662834167
        },
        "1": {
            "0": 0.526984453201294,
            "1": 0.5747906565666199
        }
    }
}