{
    "confidence_score": 0.6474287509918213,
    "ptm": 0.7564679980278015,
    "iptm": 0.5691019892692566,
    "ligand_iptm": 0.5691019892692566,
    "protein_iptm": 0.0,
    "complex_plddt": 0.6670104265213013,
    "complex_iplddt": 0.4071330726146698,
    "complex_pde": 0.9298897981643677,
    "complex_ipde": 5.7805914878845215,
    "chains_ptm": {
        "0": 0.9800661206245422,
        "1": 0.5763185024261475
    },
    "pair_chains_iptm": {
        "0": {
            "0": 0.9800661206245422,
            "1": 0.5691019892692566
        },
        "1": {
            "0": 0.5191136598587036,
            "1": 0.5763185024261475
        }
    }
}