{
    "confidence_score": 0.6330794095993042,
    "ptm": 0.7592380046844482,
    "iptm": 0.5240305066108704,
    "ligand_iptm": 0.5240305066108704,
    "protein_iptm": 0.0,
    "complex_plddt": 0.6603416204452515,
    "complex_iplddt": 0.3980149030685425,
    "complex_pde": 0.9016551971435547,
    "complex_ipde": 4.749383926391602,
    "chains_ptm": {
        "0": 0.9771468639373779,
        "1": 0.5665625929832458
    },
    "pair_chains_iptm": {
        "0": {
            "0": 0.9771468639373779,
            "1": 0.5220627784729004
        },
        "1": {
            "0": 0.5240305066108704,
            "1": 0.5665625929832458
        }
    }
}