{
    "confidence_score": 0.6374595165252686,
    "ptm": 0.7623032331466675,
    "iptm": 0.531172513961792,
    "ligand_iptm": 0.531172513961792,
    "protein_iptm": 0.0,
    "complex_plddt": 0.6640312671661377,
    "complex_iplddt": 0.4043963551521301,
    "complex_pde": 0.9487403035163879,
    "complex_ipde": 5.3345136642456055,
    "chains_ptm": {
        "0": 0.9777690768241882,
        "1": 0.5643933415412903
    },
    "pair_chains_iptm": {
        "0": {
            "0": 0.9777690768241882,
            "1": 0.5090237259864807
        },
        "1": {
            "0": 0.531172513961792,
            "1": 0.5643933415412903
        }
    }
}