{
    "confidence_score": 0.6377872228622437,
    "ptm": 0.7575739622116089,
    "iptm": 0.5301701426506042,
    "ligand_iptm": 0.5301701426506042,
    "protein_iptm": 0.0,
    "complex_plddt": 0.6646914482116699,
    "complex_iplddt": 0.41058894991874695,
    "complex_pde": 0.9389818906784058,
    "complex_ipde": 5.237432956695557,
    "chains_ptm": {
        "0": 0.97853684425354,
        "1": 0.5655905604362488
    },
    "pair_chains_iptm": {
        "0": {
            "0": 0.97853684425354,
            "1": 0.5301701426506042
        },
        "1": {
            "0": 0.5213371515274048,
            "1": 0.5655905604362488
        }
    }
}