{
    "confidence_score": 0.6462962031364441,
    "ptm": 0.7582911849021912,
    "iptm": 0.5625177025794983,
    "ligand_iptm": 0.5625177025794983,
    "protein_iptm": 0.0,
    "complex_plddt": 0.6672408580780029,
    "complex_iplddt": 0.41059359908103943,
    "complex_pde": 0.9060444831848145,
    "complex_ipde": 5.538942813873291,
    "chains_ptm": {
        "0": 0.9795783162117004,
        "1": 0.5880446434020996
    },
    "pair_chains_iptm": {
        "0": {
            "0": 0.9795783162117004,
            "1": 0.5625177025794983
        },
        "1": {
            "0": 0.5208963751792908,
            "1": 0.5880446434020996
        }
    }
}