{
    "confidence_score": 0.6399880647659302,
    "ptm": 0.758843183517456,
    "iptm": 0.5267143249511719,
    "ligand_iptm": 0.5267143249511719,
    "protein_iptm": 0.0,
    "complex_plddt": 0.6683064699172974,
    "complex_iplddt": 0.4133666455745697,
    "complex_pde": 0.9393042325973511,
    "complex_ipde": 5.465851306915283,
    "chains_ptm": {
        "0": 0.9780370593070984,
        "1": 0.5581283569335938
    },
    "pair_chains_iptm": {
        "0": {
            "0": 0.9780370593070984,
            "1": 0.5072951912879944
        },
        "1": {
            "0": 0.5267143249511719,
            "1": 0.5581283569335938
        }
    }
}