{
    "confidence_score": 0.6431273818016052,
    "ptm": 0.7640121579170227,
    "iptm": 0.5580177307128906,
    "ligand_iptm": 0.5580177307128906,
    "protein_iptm": 0.0,
    "complex_plddt": 0.6644047498703003,
    "complex_iplddt": 0.40599480271339417,
    "complex_pde": 0.9207702279090881,
    "complex_ipde": 5.220561504364014,
    "chains_ptm": {
        "0": 0.9788095951080322,
        "1": 0.5507868528366089
    },
    "pair_chains_iptm": {
        "0": {
            "0": 0.9788095951080322,
            "1": 0.5580177307128906
        },
        "1": {
            "0": 0.53374183177948,
            "1": 0.5507868528366089
        }
    }
}