{
    "confidence_score": 0.6426333785057068,
    "ptm": 0.7635533213615417,
    "iptm": 0.5450050234794617,
    "ligand_iptm": 0.5450050234794617,
    "protein_iptm": 0.0,
    "complex_plddt": 0.6670404076576233,
    "complex_iplddt": 0.41146764159202576,
    "complex_pde": 0.956303060054779,
    "complex_ipde": 5.31656551361084,
    "chains_ptm": {
        "0": 0.9778081774711609,
        "1": 0.5706523060798645
    },
    "pair_chains_iptm": {
        "0": {
            "0": 0.9778081774711609,
            "1": 0.5450050234794617
        },
        "1": {
            "0": 0.5388261675834656,
            "1": 0.5706523060798645
        }
    }
}