{
    "confidence_score": 0.6380433440208435,
    "ptm": 0.754874587059021,
    "iptm": 0.5657675266265869,
    "ligand_iptm": 0.5657675266265869,
    "protein_iptm": 0.0,
    "complex_plddt": 0.6561122536659241,
    "complex_iplddt": 0.38806793093681335,
    "complex_pde": 0.9479743838310242,
    "complex_ipde": 5.487154483795166,
    "chains_ptm": {
        "0": 0.9782330989837646,
        "1": 0.5752447843551636
    },
    "pair_chains_iptm": {
        "0": {
            "0": 0.9782330989837646,
            "1": 0.5657675266265869
        },
        "1": {
            "0": 0.5170477628707886,
            "1": 0.5752447843551636
        }
    }
}