{
    "confidence_score": 0.6340657472610474,
    "ptm": 0.7646190524101257,
    "iptm": 0.560501217842102,
    "ligand_iptm": 0.560501217842102,
    "protein_iptm": 0.0,
    "complex_plddt": 0.6524568796157837,
    "complex_iplddt": 0.3865273594856262,
    "complex_pde": 0.9411751627922058,
    "complex_ipde": 5.785821914672852,
    "chains_ptm": {
        "0": 0.9803664684295654,
        "1": 0.5741553902626038
    },
    "pair_chains_iptm": {
        "0": {
            "0": 0.9803664684295654,
            "1": 0.560501217842102
        },
        "1": {
            "0": 0.5358282327651978,
            "1": 0.5741553902626038
        }
    }
}