{
    "confidence_score": 0.6361483931541443,
    "ptm": 0.7587395906448364,
    "iptm": 0.5239509344100952,
    "ligand_iptm": 0.5239509344100952,
    "protein_iptm": 0.0,
    "complex_plddt": 0.6641977429389954,
    "complex_iplddt": 0.4058540463447571,
    "complex_pde": 0.9261918663978577,
    "complex_ipde": 5.317877769470215,
    "chains_ptm": {
        "0": 0.9785451889038086,
        "1": 0.5683567523956299
    },
    "pair_chains_iptm": {
        "0": {
            "0": 0.9785451889038086,
            "1": 0.5172904133796692
        },
        "1": {
            "0": 0.5239509344100952,
            "1": 0.5683567523956299
        }
    }
}