{
    "confidence_score": 0.6390315890312195,
    "ptm": 0.7580960988998413,
    "iptm": 0.5293703675270081,
    "ligand_iptm": 0.5293703675270081,
    "protein_iptm": 0.0,
    "complex_plddt": 0.66644686460495,
    "complex_iplddt": 0.4109247922897339,
    "complex_pde": 0.9210889935493469,
    "complex_ipde": 5.4999165534973145,
    "chains_ptm": {
        "0": 0.9797569513320923,
        "1": 0.5629942417144775
    },
    "pair_chains_iptm": {
        "0": {
            "0": 0.9797569513320923,
            "1": 0.5293703675270081
        },
        "1": {
            "0": 0.522497832775116,
            "1": 0.5629942417144775
        }
    }
}