{
    "confidence_score": 0.6457465291023254,
    "ptm": 0.7648799419403076,
    "iptm": 0.5562752485275269,
    "ligand_iptm": 0.5562752485275269,
    "protein_iptm": 0.0,
    "complex_plddt": 0.6681143045425415,
    "complex_iplddt": 0.4140276312828064,
    "complex_pde": 0.8934375643730164,
    "complex_ipde": 4.724949836730957,
    "chains_ptm": {
        "0": 0.9771374464035034,
        "1": 0.5713483691215515
    },
    "pair_chains_iptm": {
        "0": {
            "0": 0.9771374464035034,
            "1": 0.5562752485275269
        },
        "1": {
            "0": 0.53913414478302,
            "1": 0.5713483691215515
        }
    }
}