{
    "confidence_score": 0.6475459337234497,
    "ptm": 0.7638632655143738,
    "iptm": 0.5715715885162354,
    "ligand_iptm": 0.5715715885162354,
    "protein_iptm": 0.0,
    "complex_plddt": 0.6665394902229309,
    "complex_iplddt": 0.40719640254974365,
    "complex_pde": 0.8953170776367188,
    "complex_ipde": 4.894296646118164,
    "chains_ptm": {
        "0": 0.9784772396087646,
        "1": 0.570659339427948
    },
    "pair_chains_iptm": {
        "0": {
            "0": 0.9784772396087646,
            "1": 0.5715715885162354
        },
        "1": {
            "0": 0.536449670791626,
            "1": 0.570659339427948
        }
    }
}