{
    "confidence_score": 0.643394410610199,
    "ptm": 0.7503684163093567,
    "iptm": 0.5574595332145691,
    "ligand_iptm": 0.5574595332145691,
    "protein_iptm": 0.0,
    "complex_plddt": 0.6648780703544617,
    "complex_iplddt": 0.40660783648490906,
    "complex_pde": 0.9266782999038696,
    "complex_ipde": 5.5807695388793945,
    "chains_ptm": {
        "0": 0.9793204069137573,
        "1": 0.5628237128257751
    },
    "pair_chains_iptm": {
        "0": {
            "0": 0.9793204069137573,
            "1": 0.5574595332145691
        },
        "1": {
            "0": 0.5055819749832153,
            "1": 0.5628237128257751
        }
    }
}