{
    "confidence_score": 0.629182755947113,
    "ptm": 0.7536482810974121,
    "iptm": 0.5389000177383423,
    "ligand_iptm": 0.5389000177383423,
    "protein_iptm": 0.0,
    "complex_plddt": 0.6517534255981445,
    "complex_iplddt": 0.3819846510887146,
    "complex_pde": 0.9338602423667908,
    "complex_ipde": 5.187450408935547,
    "chains_ptm": {
        "0": 0.9773826599121094,
        "1": 0.5637205839157104
    },
    "pair_chains_iptm": {
        "0": {
            "0": 0.9773826599121094,
            "1": 0.5389000177383423
        },
        "1": {
            "0": 0.5141980648040771,
            "1": 0.5637205839157104
        }
    }
}