{
    "confidence_score": 0.6403449177742004,
    "ptm": 0.760540246963501,
    "iptm": 0.5284159779548645,
    "ligand_iptm": 0.5284159779548645,
    "protein_iptm": 0.0,
    "complex_plddt": 0.6683271527290344,
    "complex_iplddt": 0.41368234157562256,
    "complex_pde": 0.9075115919113159,
    "complex_ipde": 5.238729953765869,
    "chains_ptm": {
        "0": 0.9787917733192444,
        "1": 0.5707306265830994
    },
    "pair_chains_iptm": {
        "0": {
            "0": 0.9787917733192444,
            "1": 0.5107597708702087
        },
        "1": {
            "0": 0.5284159779548645,
            "1": 0.5707306265830994
        }
    }
}