{
    "confidence_score": 0.641549289226532,
    "ptm": 0.7604525685310364,
    "iptm": 0.5421577095985413,
    "ligand_iptm": 0.5421577095985413,
    "protein_iptm": 0.0,
    "complex_plddt": 0.666397213935852,
    "complex_iplddt": 0.4113822281360626,
    "complex_pde": 0.9308460354804993,
    "complex_ipde": 5.426115989685059,
    "chains_ptm": {
        "0": 0.9788690805435181,
        "1": 0.5629921555519104
    },
    "pair_chains_iptm": {
        "0": {
            "0": 0.9788690805435181,
            "1": 0.5421577095985413
        },
        "1": {
            "0": 0.5296179056167603,
            "1": 0.5629921555519104
        }
    }
}