{
    "confidence_score": 0.6406591534614563,
    "ptm": 0.7604494690895081,
    "iptm": 0.5518908500671387,
    "ligand_iptm": 0.5518908500671387,
    "protein_iptm": 0.0,
    "complex_plddt": 0.6628512144088745,
    "complex_iplddt": 0.4025726616382599,
    "complex_pde": 0.9175044298171997,
    "complex_ipde": 5.3353681564331055,
    "chains_ptm": {
        "0": 0.9784548282623291,
        "1": 0.5884883403778076
    },
    "pair_chains_iptm": {
        "0": {
            "0": 0.9784548282623291,
            "1": 0.5518908500671387
        },
        "1": {
            "0": 0.5292099714279175,
            "1": 0.5884883403778076
        }
    }
}