{
    "confidence_score": 0.6428964734077454,
    "ptm": 0.7548911571502686,
    "iptm": 0.561395525932312,
    "ligand_iptm": 0.561395525932312,
    "protein_iptm": 0.0,
    "complex_plddt": 0.6632717251777649,
    "complex_iplddt": 0.40380793809890747,
    "complex_pde": 0.9500867128372192,
    "complex_ipde": 5.647619724273682,
    "chains_ptm": {
        "0": 0.9794765114784241,
        "1": 0.5777072906494141
    },
    "pair_chains_iptm": {
        "0": {
            "0": 0.9794765114784241,
            "1": 0.561395525932312
        },
        "1": {
            "0": 0.515491783618927,
            "1": 0.5777072906494141
        }
    }
}