{
    "confidence_score": 0.6451758742332458,
    "ptm": 0.7650678753852844,
    "iptm": 0.576214611530304,
    "ligand_iptm": 0.576214611530304,
    "protein_iptm": 0.0,
    "complex_plddt": 0.6624161601066589,
    "complex_iplddt": 0.40358853340148926,
    "complex_pde": 0.9214780926704407,
    "complex_ipde": 5.0112409591674805,
    "chains_ptm": {
        "0": 0.9796060919761658,
        "1": 0.5654028654098511
    },
    "pair_chains_iptm": {
        "0": {
            "0": 0.9796060919761658,
            "1": 0.576214611530304
        },
        "1": {
            "0": 0.5359734892845154,
            "1": 0.5654028654098511
        }
    }
}