{
    "confidence_score": 0.6409211754798889,
    "ptm": 0.76645827293396,
    "iptm": 0.5539750456809998,
    "ligand_iptm": 0.5539750456809998,
    "protein_iptm": 0.0,
    "complex_plddt": 0.6626576781272888,
    "complex_iplddt": 0.4018448293209076,
    "complex_pde": 0.927514910697937,
    "complex_ipde": 4.991725444793701,
    "chains_ptm": {
        "0": 0.979584813117981,
        "1": 0.5663993954658508
    },
    "pair_chains_iptm": {
        "0": {
            "0": 0.979584813117981,
            "1": 0.5539750456809998
        },
        "1": {
            "0": 0.5403753519058228,
            "1": 0.5663993954658508
        }
    }
}