{
    "confidence_score": 0.6476283073425293,
    "ptm": 0.758500874042511,
    "iptm": 0.5767045021057129,
    "ligand_iptm": 0.5767045021057129,
    "protein_iptm": 0.0,
    "complex_plddt": 0.6653592586517334,
    "complex_iplddt": 0.40488898754119873,
    "complex_pde": 0.9214218854904175,
    "complex_ipde": 5.350635528564453,
    "chains_ptm": {
        "0": 0.9791615605354309,
        "1": 0.5766305923461914
    },
    "pair_chains_iptm": {
        "0": {
            "0": 0.9791615605354309,
            "1": 0.5767045021057129
        },
        "1": {
            "0": 0.522183358669281,
            "1": 0.5766305923461914
        }
    }
}