{
    "confidence_score": 0.6373646855354309,
    "ptm": 0.7558950781822205,
    "iptm": 0.5358837842941284,
    "ligand_iptm": 0.5358837842941284,
    "protein_iptm": 0.0,
    "complex_plddt": 0.662734866142273,
    "complex_iplddt": 0.4048649072647095,
    "complex_pde": 0.9465307593345642,
    "complex_ipde": 5.783461570739746,
    "chains_ptm": {
        "0": 0.9812561869621277,
        "1": 0.5664157867431641
    },
    "pair_chains_iptm": {
        "0": {
            "0": 0.9812561869621277,
            "1": 0.5358837842941284
        },
        "1": {
            "0": 0.5167208909988403,
            "1": 0.5664157867431641
        }
    }
}