{
    "confidence_score": 0.6406630873680115,
    "ptm": 0.7564234137535095,
    "iptm": 0.564453661441803,
    "ligand_iptm": 0.564453661441803,
    "protein_iptm": 0.0,
    "complex_plddt": 0.659715473651886,
    "complex_iplddt": 0.39833733439445496,
    "complex_pde": 0.9561436772346497,
    "complex_ipde": 5.86376953125,
    "chains_ptm": {
        "0": 0.9789401888847351,
        "1": 0.5722074508666992
    },
    "pair_chains_iptm": {
        "0": {
            "0": 0.9789401888847351,
            "1": 0.564453661441803
        },
        "1": {
            "0": 0.519928514957428,
            "1": 0.5722074508666992
        }
    }
}