{
    "confidence_score": 0.6356518864631653,
    "ptm": 0.755378246307373,
    "iptm": 0.5304759740829468,
    "ligand_iptm": 0.5304759740829468,
    "protein_iptm": 0.0,
    "complex_plddt": 0.6619458794593811,
    "complex_iplddt": 0.3998376429080963,
    "complex_pde": 0.9218366146087646,
    "complex_ipde": 5.424995422363281,
    "chains_ptm": {
        "0": 0.9784731864929199,
        "1": 0.581670343875885
    },
    "pair_chains_iptm": {
        "0": {
            "0": 0.9784731864929199,
            "1": 0.5304759740829468
        },
        "1": {
            "0": 0.5185958743095398,
            "1": 0.581670343875885
        }
    }
}