{
    "confidence_score": 0.6479746699333191,
    "ptm": 0.7645440697669983,
    "iptm": 0.5524225831031799,
    "ligand_iptm": 0.5524225831031799,
    "protein_iptm": 0.0,
    "complex_plddt": 0.6718626618385315,
    "complex_iplddt": 0.41987165808677673,
    "complex_pde": 0.9280813336372375,
    "complex_ipde": 5.3873515129089355,
    "chains_ptm": {
        "0": 0.9783132076263428,
        "1": 0.5712941288948059
    },
    "pair_chains_iptm": {
        "0": {
            "0": 0.9783132076263428,
            "1": 0.5524225831031799
        },
        "1": {
            "0": 0.5378909707069397,
            "1": 0.5712941288948059
        }
    }
}