{
    "confidence_score": 0.6455572247505188,
    "ptm": 0.753130316734314,
    "iptm": 0.5593253374099731,
    "ligand_iptm": 0.5593253374099731,
    "protein_iptm": 0.0,
    "complex_plddt": 0.6671151518821716,
    "complex_iplddt": 0.41277197003364563,
    "complex_pde": 0.9513555765151978,
    "complex_ipde": 5.8310418128967285,
    "chains_ptm": {
        "0": 0.9787689447402954,
        "1": 0.5707618594169617
    },
    "pair_chains_iptm": {
        "0": {
            "0": 0.9787689447402954,
            "1": 0.5593253374099731
        },
        "1": {
            "0": 0.5095294117927551,
            "1": 0.5707618594169617
        }
    }
}