{
    "confidence_score": 0.6435903906822205,
    "ptm": 0.7529443502426147,
    "iptm": 0.5615841746330261,
    "ligand_iptm": 0.5615841746330261,
    "protein_iptm": 0.0,
    "complex_plddt": 0.6640918850898743,
    "complex_iplddt": 0.40597519278526306,
    "complex_pde": 0.920146644115448,
    "complex_ipde": 5.469411373138428,
    "chains_ptm": {
        "0": 0.9792877435684204,
        "1": 0.5900664329528809
    },
    "pair_chains_iptm": {
        "0": {
            "0": 0.9792877435684204,
            "1": 0.5615841746330261
        },
        "1": {
            "0": 0.5108328461647034,
            "1": 0.5900664329528809
        }
    }
}