{
    "confidence_score": 0.6415157914161682,
    "ptm": 0.7570152878761292,
    "iptm": 0.5519465804100037,
    "ligand_iptm": 0.5519465804100037,
    "protein_iptm": 0.0,
    "complex_plddt": 0.663908064365387,
    "complex_iplddt": 0.40397071838378906,
    "complex_pde": 0.9211678504943848,
    "complex_ipde": 5.24034309387207,
    "chains_ptm": {
        "0": 0.978015661239624,
        "1": 0.5849876403808594
    },
    "pair_chains_iptm": {
        "0": {
            "0": 0.978015661239624,
            "1": 0.5519465804100037
        },
        "1": {
            "0": 0.5242868065834045,
            "1": 0.5849876403808594
        }
    }
}