{
    "confidence_score": 0.6515905261039734,
    "ptm": 0.7643043398857117,
    "iptm": 0.5665282607078552,
    "ligand_iptm": 0.5665282607078552,
    "protein_iptm": 0.0,
    "complex_plddt": 0.6728560924530029,
    "complex_iplddt": 0.420773446559906,
    "complex_pde": 0.9103173613548279,
    "complex_ipde": 5.220235824584961,
    "chains_ptm": {
        "0": 0.9790847301483154,
        "1": 0.5880035161972046
    },
    "pair_chains_iptm": {
        "0": {
            "0": 0.9790847301483154,
            "1": 0.5665282607078552
        },
        "1": {
            "0": 0.5363810062408447,
            "1": 0.5880035161972046
        }
    }
}