{
    "confidence_score": 0.6455438733100891,
    "ptm": 0.7691851258277893,
    "iptm": 0.5586149096488953,
    "ligand_iptm": 0.5586149096488953,
    "protein_iptm": 0.0,
    "complex_plddt": 0.6672760844230652,
    "complex_iplddt": 0.41193509101867676,
    "complex_pde": 0.9006730318069458,
    "complex_ipde": 4.870133399963379,
    "chains_ptm": {
        "0": 0.9782131314277649,
        "1": 0.5768856406211853
    },
    "pair_chains_iptm": {
        "0": {
            "0": 0.9782131314277649,
            "1": 0.5586149096488953
        },
        "1": {
            "0": 0.5470412373542786,
            "1": 0.5768856406211853
        }
    }
}