{
    "confidence_score": 0.6495362520217896,
    "ptm": 0.7618049383163452,
    "iptm": 0.5612515211105347,
    "ligand_iptm": 0.5612515211105347,
    "protein_iptm": 0.0,
    "complex_plddt": 0.6716074347496033,
    "complex_iplddt": 0.4191597104072571,
    "complex_pde": 0.939031183719635,
    "complex_ipde": 5.379066467285156,
    "chains_ptm": {
        "0": 0.978647768497467,
        "1": 0.5562047362327576
    },
    "pair_chains_iptm": {
        "0": {
            "0": 0.978647768497467,
            "1": 0.5612515211105347
        },
        "1": {
            "0": 0.530565619468689,
            "1": 0.5562047362327576
        }
    }
}