{
    "confidence_score": 0.6440235376358032,
    "ptm": 0.7586265802383423,
    "iptm": 0.5563272833824158,
    "ligand_iptm": 0.5563272833824158,
    "protein_iptm": 0.0,
    "complex_plddt": 0.6659475564956665,
    "complex_iplddt": 0.40851306915283203,
    "complex_pde": 0.9505531787872314,
    "complex_ipde": 5.508200168609619,
    "chains_ptm": {
        "0": 0.9790015816688538,
        "1": 0.5707137584686279
    },
    "pair_chains_iptm": {
        "0": {
            "0": 0.9790015816688538,
            "1": 0.5563272833824158
        },
        "1": {
            "0": 0.524971067905426,
            "1": 0.5707137584686279
        }
    }
}