{
    "confidence_score": 0.6498807668685913,
    "ptm": 0.7648021578788757,
    "iptm": 0.5485416054725647,
    "ligand_iptm": 0.5485416054725647,
    "protein_iptm": 0.0,
    "complex_plddt": 0.6752155423164368,
    "complex_iplddt": 0.4255649447441101,
    "complex_pde": 0.9122548699378967,
    "complex_ipde": 5.138661861419678,
    "chains_ptm": {
        "0": 0.978678286075592,
        "1": 0.5653707981109619
    },
    "pair_chains_iptm": {
        "0": {
            "0": 0.978678286075592,
            "1": 0.5485416054725647
        },
        "1": {
            "0": 0.5405608415603638,
            "1": 0.5653707981109619
        }
    }
}