{
    "confidence_score": 0.6507272124290466,
    "ptm": 0.766295313835144,
    "iptm": 0.5530586838722229,
    "ligand_iptm": 0.5530586838722229,
    "protein_iptm": 0.0,
    "complex_plddt": 0.675144374370575,
    "complex_iplddt": 0.428327351808548,
    "complex_pde": 0.8965499997138977,
    "complex_ipde": 5.002261161804199,
    "chains_ptm": {
        "0": 0.9786021113395691,
        "1": 0.5632244348526001
    },
    "pair_chains_iptm": {
        "0": {
            "0": 0.9786021113395691,
            "1": 0.5530586838722229
        },
        "1": {
            "0": 0.5394997596740723,
            "1": 0.5632244348526001
        }
    }
}