{
    "confidence_score": 0.654024064540863,
    "ptm": 0.7628374099731445,
    "iptm": 0.566697359085083,
    "ligand_iptm": 0.566697359085083,
    "protein_iptm": 0.0,
    "complex_plddt": 0.6758556962013245,
    "complex_iplddt": 0.42432379722595215,
    "complex_pde": 0.9073349237442017,
    "complex_ipde": 5.2952423095703125,
    "chains_ptm": {
        "0": 0.9787898659706116,
        "1": 0.5926222205162048
    },
    "pair_chains_iptm": {
        "0": {
            "0": 0.9787898659706116,
            "1": 0.566697359085083
        },
        "1": {
            "0": 0.5340642929077148,
            "1": 0.5926222205162048
        }
    }
}