{
    "confidence_score": 0.6398138999938965,
    "ptm": 0.7598389983177185,
    "iptm": 0.5287472009658813,
    "ligand_iptm": 0.5287472009658813,
    "protein_iptm": 0.0,
    "complex_plddt": 0.6675806045532227,
    "complex_iplddt": 0.40949156880378723,
    "complex_pde": 0.9311473369598389,
    "complex_ipde": 5.090519428253174,
    "chains_ptm": {
        "0": 0.978721022605896,
        "1": 0.5805346369743347
    },
    "pair_chains_iptm": {
        "0": {
            "0": 0.978721022605896,
            "1": 0.5287472009658813
        },
        "1": {
            "0": 0.5274036526679993,
            "1": 0.5805346369743347
        }
    }
}