{
    "confidence_score": 0.6467759013175964,
    "ptm": 0.7552647590637207,
    "iptm": 0.5755664706230164,
    "ligand_iptm": 0.5755664706230164,
    "protein_iptm": 0.0,
    "complex_plddt": 0.6645782589912415,
    "complex_iplddt": 0.4027877449989319,
    "complex_pde": 0.9314779043197632,
    "complex_ipde": 5.185190200805664,
    "chains_ptm": {
        "0": 0.979133129119873,
        "1": 0.5838550925254822
    },
    "pair_chains_iptm": {
        "0": {
            "0": 0.979133129119873,
            "1": 0.5755664706230164
        },
        "1": {
            "0": 0.5167742967605591,
            "1": 0.5838550925254822
        }
    }
}