{
    "confidence_score": 0.6316167712211609,
    "ptm": 0.7883923649787903,
    "iptm": 0.5940514802932739,
    "ligand_iptm": 0.5990921258926392,
    "protein_iptm": 0.0,
    "complex_plddt": 0.6410081386566162,
    "complex_iplddt": 0.3935008645057678,
    "complex_pde": 0.8448724150657654,
    "complex_ipde": 8.796859741210938,
    "chains_ptm": {
        "0": 0.9787290692329407,
        "1": 0.690318763256073,
        "2": 0.8811737895011902
    },
    "pair_chains_iptm": {
        "0": {
            "0": 0.9787290692329407,
            "1": 0.5483699440956116,
            "2": 0.3769393265247345
        },
        "1": {
            "0": 0.5990921258926392,
            "1": 0.690318763256073,
            "2": 0.5981482267379761
        },
        "2": {
            "0": 0.506055474281311,
            "1": 0.5342750549316406,
            "2": 0.8811737895011902
        }
    }
}