{
    "confidence_score": 0.6159797310829163,
    "ptm": 0.7597640752792358,
    "iptm": 0.5365898609161377,
    "ligand_iptm": 0.5393315553665161,
    "protein_iptm": 0.0,
    "complex_plddt": 0.6358271837234497,
    "complex_iplddt": 0.37065792083740234,
    "complex_pde": 0.8464667797088623,
    "complex_ipde": 8.362114906311035,
    "chains_ptm": {
        "0": 0.976894736289978,
        "1": 0.6744914054870605,
        "2": 0.8899675607681274
    },
    "pair_chains_iptm": {
        "0": {
            "0": 0.976894736289978,
            "1": 0.5268808603286743,
            "2": 0.3949097692966461
        },
        "1": {
            "0": 0.5393315553665161,
            "1": 0.6744914054870605,
            "2": 0.6324916481971741
        },
        "2": {
            "0": 0.47752782702445984,
            "1": 0.5531733632087708,
            "2": 0.8899675607681274
        }
    }
}