{
    "confidence_score": 0.5726739764213562,
    "ptm": 0.7408198714256287,
    "iptm": 0.49902501702308655,
    "ligand_iptm": 0.5066443681716919,
    "protein_iptm": 0.0,
    "complex_plddt": 0.5910861492156982,
    "complex_iplddt": 0.28507545590400696,
    "complex_pde": 1.0216673612594604,
    "complex_ipde": 11.603610038757324,
    "chains_ptm": {
        "0": 0.9786684513092041,
        "1": 0.6420119404792786,
        "2": 0.8979049324989319
    },
    "pair_chains_iptm": {
        "0": {
            "0": 0.9786684513092041,
            "1": 0.4814307689666748,
            "2": 0.2576058506965637
        },
        "1": {
            "0": 0.5066443681716919,
            "1": 0.6420119404792786,
            "2": 0.3277103304862976
        },
        "2": {
            "0": 0.32769113779067993,
            "1": 0.2346046417951584,
            "2": 0.8979049324989319
        }
    }
}