{
    "confidence_score": 0.6150326132774353,
    "ptm": 0.7231743335723877,
    "iptm": 0.4866870641708374,
    "ligand_iptm": 0.46993187069892883,
    "protein_iptm": 0.0,
    "complex_plddt": 0.6471189856529236,
    "complex_iplddt": 0.3979314863681793,
    "complex_pde": 0.8386415243148804,
    "complex_ipde": 8.670738220214844,
    "chains_ptm": {
        "0": 0.9769635796546936,
        "1": 0.7136783003807068,
        "2": 0.8909767270088196
    },
    "pair_chains_iptm": {
        "0": {
            "0": 0.9769635796546936,
            "1": 0.46993187069892883,
            "2": 0.3444485068321228
        },
        "1": {
            "0": 0.46085527539253235,
            "1": 0.7136783003807068,
            "2": 0.6870576739311218
        },
        "2": {
            "0": 0.4718553423881531,
            "1": 0.5831535458564758,
            "2": 0.8909767270088196
        }
    }
}