{
    "confidence_score": 0.5920851826667786,
    "ptm": 0.7095417976379395,
    "iptm": 0.4614607095718384,
    "ligand_iptm": 0.4675162434577942,
    "protein_iptm": 0.0,
    "complex_plddt": 0.62474125623703,
    "complex_iplddt": 0.3547517955303192,
    "complex_pde": 0.9457736015319824,
    "complex_ipde": 10.373495101928711,
    "chains_ptm": {
        "0": 0.9759218692779541,
        "1": 0.6513791084289551,
        "2": 0.8728598952293396
    },
    "pair_chains_iptm": {
        "0": {
            "0": 0.9759218692779541,
            "1": 0.4675162434577942,
            "2": 0.266065776348114
        },
        "1": {
            "0": 0.4365132749080658,
            "1": 0.6513791084289551,
            "2": 0.5664325952529907
        },
        "2": {
            "0": 0.36179032921791077,
            "1": 0.5240744948387146,
            "2": 0.8728598952293396
        }
    }
}