{
    "confidence_score": 0.6225187182426453,
    "ptm": 0.7794694900512695,
    "iptm": 0.5759053826332092,
    "ligand_iptm": 0.576404869556427,
    "protein_iptm": 0.0,
    "complex_plddt": 0.6341720819473267,
    "complex_iplddt": 0.3713389039039612,
    "complex_pde": 0.8045551776885986,
    "complex_ipde": 7.570501804351807,
    "chains_ptm": {
        "0": 0.9763001203536987,
        "1": 0.6817477941513062,
        "2": 0.9066469669342041
    },
    "pair_chains_iptm": {
        "0": {
            "0": 0.9763001203536987,
            "1": 0.535490870475769,
            "2": 0.4823759198188782
        },
        "1": {
            "0": 0.576404869556427,
            "1": 0.6817477941513062,
            "2": 0.6910510659217834
        },
        "2": {
            "0": 0.5876354575157166,
            "1": 0.6083413362503052,
            "2": 0.9066469669342041
        }
    }
}