{
    "confidence_score": 0.5923420190811157,
    "ptm": 0.781347393989563,
    "iptm": 0.5807573199272156,
    "ligand_iptm": 0.5812744498252869,
    "protein_iptm": 0.0,
    "complex_plddt": 0.5952381491661072,
    "complex_iplddt": 0.2947750985622406,
    "complex_pde": 0.8873429894447327,
    "complex_ipde": 8.36604118347168,
    "chains_ptm": {
        "0": 0.9775832891464233,
        "1": 0.6157457828521729,
        "2": 0.9020625948905945
    },
    "pair_chains_iptm": {
        "0": {
            "0": 0.9775832891464233,
            "1": 0.5379965305328369,
            "2": 0.5160069465637207
        },
        "1": {
            "0": 0.5812744498252869,
            "1": 0.6157457828521729,
            "2": 0.49682173132896423
        },
        "2": {
            "0": 0.570532500743866,
            "1": 0.4504912495613098,
            "2": 0.9020625948905945
        }
    }
}