{
    "confidence_score": 0.6179302334785461,
    "ptm": 0.7588427066802979,
    "iptm": 0.53057461977005,
    "ligand_iptm": 0.5316931009292603,
    "protein_iptm": 0.0,
    "complex_plddt": 0.6397691369056702,
    "complex_iplddt": 0.38133662939071655,
    "complex_pde": 0.8358790874481201,
    "complex_ipde": 8.245896339416504,
    "chains_ptm": {
        "0": 0.9784461855888367,
        "1": 0.7066072821617126,
        "2": 0.8966097831726074
    },
    "pair_chains_iptm": {
        "0": {
            "0": 0.9784461855888367,
            "1": 0.5103577375411987,
            "2": 0.4096915125846863
        },
        "1": {
            "0": 0.5316931009292603,
            "1": 0.7066072821617126,
            "2": 0.6629500389099121
        },
        "2": {
            "0": 0.5093367099761963,
            "1": 0.5893493890762329,
            "2": 0.8966097831726074
        }
    }
}