{
    "confidence_score": 0.618436872959137,
    "ptm": 0.7633084654808044,
    "iptm": 0.5486138463020325,
    "ligand_iptm": 0.5529198050498962,
    "protein_iptm": 0.0,
    "complex_plddt": 0.6358926296234131,
    "complex_iplddt": 0.3770381212234497,
    "complex_pde": 0.8915127515792847,
    "complex_ipde": 8.715068817138672,
    "chains_ptm": {
        "0": 0.9752439856529236,
        "1": 0.6593461632728577,
        "2": 0.8803436756134033
    },
    "pair_chains_iptm": {
        "0": {
            "0": 0.9752439856529236,
            "1": 0.4473862946033478,
            "2": 0.3495218753814697
        },
        "1": {
            "0": 0.5529198050498962,
            "1": 0.6593461632728577,
            "2": 0.5554222464561462
        },
        "2": {
            "0": 0.46830227971076965,
            "1": 0.49279314279556274,
            "2": 0.8803436756134033
        }
    }
}