{
    "confidence_score": 0.6108664870262146,
    "ptm": 0.7325209975242615,
    "iptm": 0.48432594537734985,
    "ligand_iptm": 0.48840776085853577,
    "protein_iptm": 0.0,
    "complex_plddt": 0.6425016522407532,
    "complex_iplddt": 0.38526734709739685,
    "complex_pde": 0.8905445337295532,
    "complex_ipde": 9.094497680664062,
    "chains_ptm": {
        "0": 0.9752824306488037,
        "1": 0.6642732620239258,
        "2": 0.8776302337646484
    },
    "pair_chains_iptm": {
        "0": {
            "0": 0.9752824306488037,
            "1": 0.4196568727493286,
            "2": 0.3087301552295685
        },
        "1": {
            "0": 0.48840776085853577,
            "1": 0.6642732620239258,
            "2": 0.5917940139770508
        },
        "2": {
            "0": 0.39777645468711853,
            "1": 0.545342743396759,
            "2": 0.8776302337646484
        }
    }
}