{
    "confidence_score": 0.6148341298103333,
    "ptm": 0.7418689727783203,
    "iptm": 0.5027294158935547,
    "ligand_iptm": 0.5087767243385315,
    "protein_iptm": 0.0,
    "complex_plddt": 0.6428602933883667,
    "complex_iplddt": 0.3874737322330475,
    "complex_pde": 0.9434832334518433,
    "complex_ipde": 9.827622413635254,
    "chains_ptm": {
        "0": 0.9762019515037537,
        "1": 0.6263393759727478,
        "2": 0.8723517060279846
    },
    "pair_chains_iptm": {
        "0": {
            "0": 0.9762019515037537,
            "1": 0.43553927540779114,
            "2": 0.27663299441337585
        },
        "1": {
            "0": 0.5087767243385315,
            "1": 0.6263393759727478,
            "2": 0.4863419830799103
        },
        "2": {
            "0": 0.3785565495491028,
            "1": 0.4507783055305481,
            "2": 0.8723517060279846
        }
    }
}