{
    "confidence_score": 0.5872196555137634,
    "ptm": 0.6888372898101807,
    "iptm": 0.4208633303642273,
    "ligand_iptm": 0.4260404407978058,
    "protein_iptm": 0.0,
    "complex_plddt": 0.6288086771965027,
    "complex_iplddt": 0.3649003207683563,
    "complex_pde": 0.9949297904968262,
    "complex_ipde": 10.575942993164062,
    "chains_ptm": {
        "0": 0.9746617674827576,
        "1": 0.6107519268989563,
        "2": 0.8693154454231262
    },
    "pair_chains_iptm": {
        "0": {
            "0": 0.9746617674827576,
            "1": 0.4260404407978058,
            "2": 0.23533891141414642
        },
        "1": {
            "0": 0.4000329375267029,
            "1": 0.6107519268989563,
            "2": 0.5290067791938782
        },
        "2": {
            "0": 0.32646340131759644,
            "1": 0.4787169098854065,
            "2": 0.8693154454231262
        }
    }
}