{
    "confidence_score": 0.6203600168228149,
    "ptm": 0.7724239230155945,
    "iptm": 0.5669656991958618,
    "ligand_iptm": 0.5704352259635925,
    "protein_iptm": 0.0,
    "complex_plddt": 0.6337085962295532,
    "complex_iplddt": 0.3780028522014618,
    "complex_pde": 0.8678926825523376,
    "complex_ipde": 8.229268074035645,
    "chains_ptm": {
        "0": 0.9742905497550964,
        "1": 0.6693293452262878,
        "2": 0.8914867639541626
    },
    "pair_chains_iptm": {
        "0": {
            "0": 0.9742905497550964,
            "1": 0.5108045935630798,
            "2": 0.376089870929718
        },
        "1": {
            "0": 0.5704352259635925,
            "1": 0.6693293452262878,
            "2": 0.6281057000160217
        },
        "2": {
            "0": 0.5077870488166809,
            "1": 0.5619000792503357,
            "2": 0.8914867639541626
        }
    }
}