{
    "confidence_score": 0.613804280757904,
    "ptm": 0.7499064803123474,
    "iptm": 0.5156643986701965,
    "ligand_iptm": 0.518837034702301,
    "protein_iptm": 0.0,
    "complex_plddt": 0.6383392810821533,
    "complex_iplddt": 0.3817296326160431,
    "complex_pde": 0.8407397866249084,
    "complex_ipde": 8.315014839172363,
    "chains_ptm": {
        "0": 0.9783036708831787,
        "1": 0.6940165162086487,
        "2": 0.902355968952179
    },
    "pair_chains_iptm": {
        "0": {
            "0": 0.9783036708831787,
            "1": 0.518837034702301,
            "2": 0.4229133129119873
        },
        "1": {
            "0": 0.516076385974884,
            "1": 0.6940165162086487,
            "2": 0.65242600440979
        },
        "2": {
            "0": 0.5202968120574951,
            "1": 0.5468583703041077,
            "2": 0.902355968952179
        }
    }
}