{
    "confidence_score": 0.6273354887962341,
    "ptm": 0.78287672996521,
    "iptm": 0.5821355581283569,
    "ligand_iptm": 0.5813563466072083,
    "protein_iptm": 0.0,
    "complex_plddt": 0.6386353969573975,
    "complex_iplddt": 0.3818323314189911,
    "complex_pde": 0.7758509516716003,
    "complex_ipde": 7.605627536773682,
    "chains_ptm": {
        "0": 0.9766822457313538,
        "1": 0.7118284106254578,
        "2": 0.9172083139419556
    },
    "pair_chains_iptm": {
        "0": {
            "0": 0.9766822457313538,
            "1": 0.5180519819259644,
            "2": 0.4979732036590576
        },
        "1": {
            "0": 0.5813563466072083,
            "1": 0.7118284106254578,
            "2": 0.7213525176048279
        },
        "2": {
            "0": 0.6182714104652405,
            "1": 0.6545339226722717,
            "2": 0.9172083139419556
        }
    }
}