{
    "confidence_score": 0.6202012300491333,
    "ptm": 0.7836660146713257,
    "iptm": 0.5894745588302612,
    "ligand_iptm": 0.5919320583343506,
    "protein_iptm": 0.0,
    "complex_plddt": 0.6278828978538513,
    "complex_iplddt": 0.36895522475242615,
    "complex_pde": 0.8430017828941345,
    "complex_ipde": 7.794451713562012,
    "chains_ptm": {
        "0": 0.9742234349250793,
        "1": 0.6556622982025146,
        "2": 0.8934351205825806
    },
    "pair_chains_iptm": {
        "0": {
            "0": 0.9742234349250793,
            "1": 0.5320470333099365,
            "2": 0.5004452466964722
        },
        "1": {
            "0": 0.5919320583343506,
            "1": 0.6556622982025146,
            "2": 0.6207002401351929
        },
        "2": {
            "0": 0.5612258315086365,
            "1": 0.5247094035148621,
            "2": 0.8934351205825806
        }
    }
}