{
    "confidence_score": 0.6039280295372009,
    "ptm": 0.7172953486442566,
    "iptm": 0.4616295397281647,
    "ligand_iptm": 0.46841731667518616,
    "protein_iptm": 0.0,
    "complex_plddt": 0.6395026445388794,
    "complex_iplddt": 0.3812049925327301,
    "complex_pde": 0.9197512269020081,
    "complex_ipde": 9.78105354309082,
    "chains_ptm": {
        "0": 0.974510669708252,
        "1": 0.6591148972511292,
        "2": 0.8673006296157837
    },
    "pair_chains_iptm": {
        "0": {
            "0": 0.974510669708252,
            "1": 0.46841731667518616,
            "2": 0.2569422125816345
        },
        "1": {
            "0": 0.4609004259109497,
            "1": 0.6591148972511292,
            "2": 0.5581607818603516
        },
        "2": {
            "0": 0.3402343690395355,
            "1": 0.49451926350593567,
            "2": 0.8673006296157837
        }
    }
}