{
    "confidence_score": 0.6240190863609314,
    "ptm": 0.8084743618965149,
    "iptm": 0.6301457285881042,
    "ligand_iptm": 0.6255099177360535,
    "protein_iptm": 0.0,
    "complex_plddt": 0.6224874258041382,
    "complex_iplddt": 0.3707568347454071,
    "complex_pde": 0.7552873492240906,
    "complex_ipde": 5.24338960647583,
    "chains_ptm": {
        "0": 0.9805440306663513,
        "1": 0.6401016116142273,
        "2": 0.890567421913147
    },
    "pair_chains_iptm": {
        "0": {
            "0": 0.9805440306663513,
            "1": 0.5918583869934082,
            "2": 0.6401242613792419
        },
        "1": {
            "0": 0.6255099177360535,
            "1": 0.6401016116142273,
            "2": 0.5678063035011292
        },
        "2": {
            "0": 0.7787702083587646,
            "1": 0.543516993522644,
            "2": 0.890567421913147
        }
    }
}