{
    "confidence_score": 0.5897619128227234,
    "ptm": 0.7799339294433594,
    "iptm": 0.5806912183761597,
    "ligand_iptm": 0.5869050621986389,
    "protein_iptm": 0.0,
    "complex_plddt": 0.5920296311378479,
    "complex_iplddt": 0.2909923791885376,
    "complex_pde": 0.893805742263794,
    "complex_ipde": 8.976025581359863,
    "chains_ptm": {
        "0": 0.9753173589706421,
        "1": 0.6370416283607483,
        "2": 0.8936299681663513
    },
    "pair_chains_iptm": {
        "0": {
            "0": 0.9753173589706421,
            "1": 0.5464333295822144,
            "2": 0.3639339804649353
        },
        "1": {
            "0": 0.5869050621986389,
            "1": 0.6370416283607483,
            "2": 0.4853392541408539
        },
        "2": {
            "0": 0.4550502896308899,
            "1": 0.37537330389022827,
            "2": 0.8936299681663513
        }
    }
}