{
    "confidence_score": 0.6156692504882812,
    "ptm": 0.7445644736289978,
    "iptm": 0.5098978281021118,
    "ligand_iptm": 0.5140581130981445,
    "protein_iptm": 0.0,
    "complex_plddt": 0.6421120762825012,
    "complex_iplddt": 0.38580262660980225,
    "complex_pde": 0.8926697373390198,
    "complex_ipde": 9.301121711730957,
    "chains_ptm": {
        "0": 0.9757198691368103,
        "1": 0.6866708397865295,
        "2": 0.8937472701072693
    },
    "pair_chains_iptm": {
        "0": {
            "0": 0.9757198691368103,
            "1": 0.4732084274291992,
            "2": 0.32330256700515747
        },
        "1": {
            "0": 0.5140581130981445,
            "1": 0.6866708397865295,
            "2": 0.5964676141738892
        },
        "2": {
            "0": 0.42590829730033875,
            "1": 0.5538502335548401,
            "2": 0.8937472701072693
        }
    }
}