{
    "confidence_score": 0.6115614771842957,
    "ptm": 0.7668660283088684,
    "iptm": 0.5528479218482971,
    "ligand_iptm": 0.5563525557518005,
    "protein_iptm": 0.0,
    "complex_plddt": 0.6262398958206177,
    "complex_iplddt": 0.3534504771232605,
    "complex_pde": 0.8637358546257019,
    "complex_ipde": 8.420645713806152,
    "chains_ptm": {
        "0": 0.9765855073928833,
        "1": 0.6446271538734436,
        "2": 0.8869323134422302
    },
    "pair_chains_iptm": {
        "0": {
            "0": 0.9765855073928833,
            "1": 0.5091663599014282,
            "2": 0.39233627915382385
        },
        "1": {
            "0": 0.5563525557518005,
            "1": 0.6446271538734436,
            "2": 0.5760806798934937
        },
        "2": {
            "0": 0.49304670095443726,
            "1": 0.4992905259132385,
            "2": 0.8869323134422302
        }
    }
}