{
    "confidence_score": 0.5805062651634216,
    "ptm": 0.7455659508705139,
    "iptm": 0.5048728585243225,
    "ligand_iptm": 0.5086880922317505,
    "protein_iptm": 0.0,
    "complex_plddt": 0.5994146466255188,
    "complex_iplddt": 0.31212303042411804,
    "complex_pde": 0.9931251406669617,
    "complex_ipde": 10.918909072875977,
    "chains_ptm": {
        "0": 0.9777462482452393,
        "1": 0.6301619410514832,
        "2": 0.8909501433372498
    },
    "pair_chains_iptm": {
        "0": {
            "0": 0.9777462482452393,
            "1": 0.5008253455162048,
            "2": 0.3166459798812866
        },
        "1": {
            "0": 0.5086880922317505,
            "1": 0.6301619410514832,
            "2": 0.35101476311683655
        },
        "2": {
            "0": 0.44098421931266785,
            "1": 0.29193031787872314,
            "2": 0.8909501433372498
        }
    }
}