{
    "confidence_score": 0.6350907683372498,
    "ptm": 0.78680819272995,
    "iptm": 0.5937648415565491,
    "ligand_iptm": 0.5980468988418579,
    "protein_iptm": 0.0,
    "complex_plddt": 0.6454222202301025,
    "complex_iplddt": 0.39224109053611755,
    "complex_pde": 0.8309311866760254,
    "complex_ipde": 7.891500949859619,
    "chains_ptm": {
        "0": 0.9765340089797974,
        "1": 0.6688147187232971,
        "2": 0.8968203663825989
    },
    "pair_chains_iptm": {
        "0": {
            "0": 0.9765340089797974,
            "1": 0.5568761229515076,
            "2": 0.3975701928138733
        },
        "1": {
            "0": 0.5980468988418579,
            "1": 0.6688147187232971,
            "2": 0.6375867128372192
        },
        "2": {
            "0": 0.5191022157669067,
            "1": 0.5321221947669983,
            "2": 0.8968203663825989
        }
    }
}