{
    "confidence_score": 0.6268656253814697,
    "ptm": 0.7661139369010925,
    "iptm": 0.5472483038902283,
    "ligand_iptm": 0.5518373250961304,
    "protein_iptm": 0.0,
    "complex_plddt": 0.6467699408531189,
    "complex_iplddt": 0.4009993374347687,
    "complex_pde": 0.8551217317581177,
    "complex_ipde": 8.23178482055664,
    "chains_ptm": {
        "0": 0.9789271354675293,
        "1": 0.663709282875061,
        "2": 0.8900524377822876
    },
    "pair_chains_iptm": {
        "0": {
            "0": 0.9789271354675293,
            "1": 0.5475932955741882,
            "2": 0.34971001744270325
        },
        "1": {
            "0": 0.5518373250961304,
            "1": 0.663709282875061,
            "2": 0.5629103779792786
        },
        "2": {
            "0": 0.46471986174583435,
            "1": 0.4839186370372772,
            "2": 0.8900524377822876
        }
    }
}