{
    "confidence_score": 0.5765382647514343,
    "ptm": 0.7189690470695496,
    "iptm": 0.45373693108558655,
    "ligand_iptm": 0.46258458495140076,
    "protein_iptm": 0.0,
    "complex_plddt": 0.6072385907173157,
    "complex_iplddt": 0.3270495533943176,
    "complex_pde": 1.0994634628295898,
    "complex_ipde": 12.913311958312988,
    "chains_ptm": {
        "0": 0.9777548909187317,
        "1": 0.5927788019180298,
        "2": 0.8900960087776184
    },
    "pair_chains_iptm": {
        "0": {
            "0": 0.9777548909187317,
            "1": 0.45166122913360596,
            "2": 0.1916140615940094
        },
        "1": {
            "0": 0.46258458495140076,
            "1": 0.5927788019180298,
            "2": 0.2513301968574524
        },
        "2": {
            "0": 0.2702828645706177,
            "1": 0.1841106414794922,
            "2": 0.8900960087776184
        }
    }
}