{
    "confidence_score": 0.6056077480316162,
    "ptm": 0.734491229057312,
    "iptm": 0.4848754405975342,
    "ligand_iptm": 0.4897017180919647,
    "protein_iptm": 0.0,
    "complex_plddt": 0.6357908248901367,
    "complex_iplddt": 0.3741011619567871,
    "complex_pde": 0.9196004867553711,
    "complex_ipde": 9.742847442626953,
    "chains_ptm": {
        "0": 0.9767600297927856,
        "1": 0.65006023645401,
        "2": 0.8818063139915466
    },
    "pair_chains_iptm": {
        "0": {
            "0": 0.9767600297927856,
            "1": 0.44012460112571716,
            "2": 0.2980252206325531
        },
        "1": {
            "0": 0.4897017180919647,
            "1": 0.65006023645401,
            "2": 0.5569840669631958
        },
        "2": {
            "0": 0.3847125470638275,
            "1": 0.5061067938804626,
            "2": 0.8818063139915466
        }
    }
}