{
    "confidence_score": 0.5495125651359558,
    "ptm": 0.721868634223938,
    "iptm": 0.46013158559799194,
    "ligand_iptm": 0.46334925293922424,
    "protein_iptm": 0.0,
    "complex_plddt": 0.5718578100204468,
    "complex_iplddt": 0.26034778356552124,
    "complex_pde": 1.107109546661377,
    "complex_ipde": 11.922600746154785,
    "chains_ptm": {
        "0": 0.975364089012146,
        "1": 0.589037299156189,
        "2": 0.9142269492149353
    },
    "pair_chains_iptm": {
        "0": {
            "0": 0.975364089012146,
            "1": 0.42202886939048767,
            "2": 0.3407531678676605
        },
        "1": {
            "0": 0.46334925293922424,
            "1": 0.589037299156189,
            "2": 0.30964308977127075
        },
        "2": {
            "0": 0.39751046895980835,
            "1": 0.22066298127174377,
            "2": 0.9142269492149353
        }
    }
}