{
    "confidence_score": 0.6453678011894226,
    "ptm": 0.8082919120788574,
    "iptm": 0.6350722908973694,
    "ligand_iptm": 0.6357227563858032,
    "protein_iptm": 0.0,
    "complex_plddt": 0.6479416489601135,
    "complex_iplddt": 0.40474995970726013,
    "complex_pde": 0.7500999569892883,
    "complex_ipde": 6.554747104644775,
    "chains_ptm": {
        "0": 0.9787413477897644,
        "1": 0.7061511278152466,
        "2": 0.9180436134338379
    },
    "pair_chains_iptm": {
        "0": {
            "0": 0.9787413477897644,
            "1": 0.5863569378852844,
            "2": 0.5833063721656799
        },
        "1": {
            "0": 0.6357227563858032,
            "1": 0.7061511278152466,
            "2": 0.722387969493866
        },
        "2": {
            "0": 0.6534011960029602,
            "1": 0.6399661898612976,
            "2": 0.9180436134338379
        }
    }
}