{
    "confidence_score": 0.5442046523094177,
    "ptm": 0.7053932547569275,
    "iptm": 0.42513227462768555,
    "ligand_iptm": 0.4233875870704651,
    "protein_iptm": 0.0,
    "complex_plddt": 0.573972761631012,
    "complex_iplddt": 0.2665059566497803,
    "complex_pde": 1.0485303401947021,
    "complex_ipde": 11.221687316894531,
    "chains_ptm": {
        "0": 0.9790177941322327,
        "1": 0.5955552458763123,
        "2": 0.8693321347236633
    },
    "pair_chains_iptm": {
        "0": {
            "0": 0.9790177941322327,
            "1": 0.38149547576904297,
            "2": 0.40065377950668335
        },
        "1": {
            "0": 0.4233875870704651,
            "1": 0.5955552458763123,
            "2": 0.23294764757156372
        },
        "2": {
            "0": 0.48470211029052734,
            "1": 0.22041431069374084,
            "2": 0.8693321347236633
        }
    }
}