{
    "confidence_score": 0.6334063410758972,
    "ptm": 0.7944757342338562,
    "iptm": 0.6090273857116699,
    "ligand_iptm": 0.6092779040336609,
    "protein_iptm": 0.0,
    "complex_plddt": 0.6395010948181152,
    "complex_iplddt": 0.38917845487594604,
    "complex_pde": 0.7740474939346313,
    "complex_ipde": 6.677899360656738,
    "chains_ptm": {
        "0": 0.9760496020317078,
        "1": 0.6826355457305908,
        "2": 0.9067563414573669
    },
    "pair_chains_iptm": {
        "0": {
            "0": 0.9760496020317078,
            "1": 0.5699537396430969,
            "2": 0.5661518573760986
        },
        "1": {
            "0": 0.6092779040336609,
            "1": 0.6826355457305908,
            "2": 0.6888197660446167
        },
        "2": {
            "0": 0.6302464008331299,
            "1": 0.5952257513999939,
            "2": 0.9067563414573669
        }
    }
}