{
    "confidence_score": 0.9458567500114441,
    "ptm": 0.961777925491333,
    "iptm": 0.8921106457710266,
    "ligand_iptm": 0.8921106457710266,
    "protein_iptm": 0.0,
    "complex_plddt": 0.9592933058738708,
    "complex_iplddt": 0.9210238456726074,
    "complex_pde": 0.42243966460227966,
    "complex_ipde": 1.2950525283813477,
    "chains_ptm": {
        "0": 0.9675172567367554,
        "1": 0.7774105668067932
    },
    "pair_chains_iptm": {
        "0": {
            "0": 0.9675172567367554,
            "1": 0.5485835671424866
        },
        "1": {
            "0": 0.8921106457710266,
            "1": 0.7774105668067932
        }
    }
}