{
    "confidence_score": 0.9462534785270691,
    "ptm": 0.9645463228225708,
    "iptm": 0.8985967040061951,
    "ligand_iptm": 0.8985967040061951,
    "protein_iptm": 0.0,
    "complex_plddt": 0.9581677317619324,
    "complex_iplddt": 0.9192200303077698,
    "complex_pde": 0.41073155403137207,
    "complex_ipde": 1.2534568309783936,
    "chains_ptm": {
        "0": 0.9701534509658813,
        "1": 0.7884067296981812
    },
    "pair_chains_iptm": {
        "0": {
            "0": 0.9701534509658813,
            "1": 0.5643900036811829
        },
        "1": {
            "0": 0.8985967040061951,
            "1": 0.7884067296981812
        }
    }
}