{
    "confidence_score": 0.9411174654960632,
    "ptm": 0.9610792398452759,
    "iptm": 0.8741984963417053,
    "ligand_iptm": 0.8741984963417053,
    "protein_iptm": 0.0,
    "complex_plddt": 0.9578472375869751,
    "complex_iplddt": 0.915154218673706,
    "complex_pde": 0.4417932629585266,
    "complex_ipde": 1.4591959714889526,
    "chains_ptm": {
        "0": 0.9681698083877563,
        "1": 0.749155580997467
    },
    "pair_chains_iptm": {
        "0": {
            "0": 0.9681698083877563,
            "1": 0.5279206037521362
        },
        "1": {
            "0": 0.8741984963417053,
            "1": 0.749155580997467
        }
    }
}