{
    "confidence_score": 0.9433221817016602,
    "ptm": 0.9663704633712769,
    "iptm": 0.8972623944282532,
    "ligand_iptm": 0.8972623944282532,
    "protein_iptm": 0.0,
    "complex_plddt": 0.9548370838165283,
    "complex_iplddt": 0.8992161154747009,
    "complex_pde": 0.40779510140419006,
    "complex_ipde": 1.2404314279556274,
    "chains_ptm": {
        "0": 0.9718971252441406,
        "1": 0.8365650773048401
    },
    "pair_chains_iptm": {
        "0": {
            "0": 0.9718971252441406,
            "1": 0.5577678680419922
        },
        "1": {
            "0": 0.8972623944282532,
            "1": 0.8365650773048401
        }
    }
}