{
    "confidence_score": 0.9473201632499695,
    "ptm": 0.9645859599113464,
    "iptm": 0.901856541633606,
    "ligand_iptm": 0.901856541633606,
    "protein_iptm": 0.0,
    "complex_plddt": 0.9586860537528992,
    "complex_iplddt": 0.9186347126960754,
    "complex_pde": 0.40923139452934265,
    "complex_ipde": 1.2407375574111938,
    "chains_ptm": {
        "0": 0.9699149131774902,
        "1": 0.7960919141769409
    },
    "pair_chains_iptm": {
        "0": {
            "0": 0.9699149131774902,
            "1": 0.5602117776870728
        },
        "1": {
            "0": 0.901856541633606,
            "1": 0.7960919141769409
        }
    }
}