{
    "confidence_score": 0.9462563395500183,
    "ptm": 0.966497540473938,
    "iptm": 0.9049109220504761,
    "ligand_iptm": 0.9049109220504761,
    "protein_iptm": 0.0,
    "complex_plddt": 0.9565926790237427,
    "complex_iplddt": 0.9196139574050903,
    "complex_pde": 0.40297970175743103,
    "complex_ipde": 1.2171632051467896,
    "chains_ptm": {
        "0": 0.9716660380363464,
        "1": 0.7856475710868835
    },
    "pair_chains_iptm": {
        "0": {
            "0": 0.9716660380363464,
            "1": 0.5714960694313049
        },
        "1": {
            "0": 0.9049109220504761,
            "1": 0.7856475710868835
        }
    }
}