{
    "confidence_score": 0.9455513954162598,
    "ptm": 0.9651300311088562,
    "iptm": 0.8984233140945435,
    "ligand_iptm": 0.8984233140945435,
    "protein_iptm": 0.0,
    "complex_plddt": 0.9573334455490112,
    "complex_iplddt": 0.918088972568512,
    "complex_pde": 0.4167458713054657,
    "complex_ipde": 1.287738561630249,
    "chains_ptm": {
        "0": 0.970629870891571,
        "1": 0.7908738851547241
    },
    "pair_chains_iptm": {
        "0": {
            "0": 0.970629870891571,
            "1": 0.556929886341095
        },
        "1": {
            "0": 0.8984233140945435,
            "1": 0.7908738851547241
        }
    }
}