{
    "confidence_score": 0.9446436762809753,
    "ptm": 0.9628871083259583,
    "iptm": 0.8901302218437195,
    "ligand_iptm": 0.8901302218437195,
    "protein_iptm": 0.0,
    "complex_plddt": 0.9582720994949341,
    "complex_iplddt": 0.913959801197052,
    "complex_pde": 0.421758770942688,
    "complex_ipde": 1.3327592611312866,
    "chains_ptm": {
        "0": 0.968870222568512,
        "1": 0.7693496942520142
    },
    "pair_chains_iptm": {
        "0": {
            "0": 0.968870222568512,
            "1": 0.564592182636261
        },
        "1": {
            "0": 0.8901302218437195,
            "1": 0.7693496942520142
        }
    }
}