{
    "confidence_score": 0.9440786242485046,
    "ptm": 0.9660488367080688,
    "iptm": 0.8973312973976135,
    "ligand_iptm": 0.8973312973976135,
    "protein_iptm": 0.0,
    "complex_plddt": 0.9557654857635498,
    "complex_iplddt": 0.9051626324653625,
    "complex_pde": 0.4030753970146179,
    "complex_ipde": 1.2279024124145508,
    "chains_ptm": {
        "0": 0.9715268611907959,
        "1": 0.7921591401100159
    },
    "pair_chains_iptm": {
        "0": {
            "0": 0.9715268611907959,
            "1": 0.5682799816131592
        },
        "1": {
            "0": 0.8973312973976135,
            "1": 0.7921591401100159
        }
    }
}