{
    "confidence_score": 0.946823239326477,
    "ptm": 0.963969349861145,
    "iptm": 0.8996883034706116,
    "ligand_iptm": 0.8996883034706116,
    "protein_iptm": 0.0,
    "complex_plddt": 0.9586069583892822,
    "complex_iplddt": 0.9175806641578674,
    "complex_pde": 0.4068630337715149,
    "complex_ipde": 1.2265636920928955,
    "chains_ptm": {
        "0": 0.9693911075592041,
        "1": 0.7979148626327515
    },
    "pair_chains_iptm": {
        "0": {
            "0": 0.9693911075592041,
            "1": 0.5734855532646179
        },
        "1": {
            "0": 0.8996883034706116,
            "1": 0.7979148626327515
        }
    }
}