{
    "confidence_score": 0.9469742178916931,
    "ptm": 0.9663538932800293,
    "iptm": 0.901793897151947,
    "ligand_iptm": 0.901793897151947,
    "protein_iptm": 0.0,
    "complex_plddt": 0.9582692384719849,
    "complex_iplddt": 0.9190949201583862,
    "complex_pde": 0.401495099067688,
    "complex_ipde": 1.2164497375488281,
    "chains_ptm": {
        "0": 0.9718178510665894,
        "1": 0.7955084443092346
    },
    "pair_chains_iptm": {
        "0": {
            "0": 0.9718178510665894,
            "1": 0.5795721411705017
        },
        "1": {
            "0": 0.901793897151947,
            "1": 0.7955084443092346
        }
    }
}