{
    "confidence_score": 0.9410170912742615,
    "ptm": 0.962098240852356,
    "iptm": 0.8737886548042297,
    "ligand_iptm": 0.8737886548042297,
    "protein_iptm": 0.0,
    "complex_plddt": 0.9578241109848022,
    "complex_iplddt": 0.9139037728309631,
    "complex_pde": 0.4355923533439636,
    "complex_ipde": 1.429430603981018,
    "chains_ptm": {
        "0": 0.9692713022232056,
        "1": 0.7506329417228699
    },
    "pair_chains_iptm": {
        "0": {
            "0": 0.9692713022232056,
            "1": 0.5300230979919434
        },
        "1": {
            "0": 0.8737886548042297,
            "1": 0.7506329417228699
        }
    }
}