{
    "confidence_score": 0.9480950236320496,
    "ptm": 0.9651541709899902,
    "iptm": 0.9036892056465149,
    "ligand_iptm": 0.9036892056465149,
    "protein_iptm": 0.0,
    "complex_plddt": 0.9591965079307556,
    "complex_iplddt": 0.9238635301589966,
    "complex_pde": 0.4088008999824524,
    "complex_ipde": 1.2374521493911743,
    "chains_ptm": {
        "0": 0.970391035079956,
        "1": 0.7959835529327393
    },
    "pair_chains_iptm": {
        "0": {
            "0": 0.970391035079956,
            "1": 0.5725914239883423
        },
        "1": {
            "0": 0.9036892056465149,
            "1": 0.7959835529327393
        }
    }
}