{
    "confidence_score": 0.9482014775276184,
    "ptm": 0.9657922387123108,
    "iptm": 0.9046880006790161,
    "ligand_iptm": 0.9046880006790161,
    "protein_iptm": 0.0,
    "complex_plddt": 0.9590798020362854,
    "complex_iplddt": 0.9217010736465454,
    "complex_pde": 0.4076589047908783,
    "complex_ipde": 1.23590886592865,
    "chains_ptm": {
        "0": 0.9709449410438538,
        "1": 0.7969810962677002
    },
    "pair_chains_iptm": {
        "0": {
            "0": 0.9709449410438538,
            "1": 0.5716949105262756
        },
        "1": {
            "0": 0.9046880006790161,
            "1": 0.7969810962677002
        }
    }
}