{
    "confidence_score": 0.9436213374137878,
    "ptm": 0.9626239538192749,
    "iptm": 0.8862891793251038,
    "ligand_iptm": 0.8862891793251038,
    "protein_iptm": 0.0,
    "complex_plddt": 0.9579544067382812,
    "complex_iplddt": 0.9161831140518188,
    "complex_pde": 0.42911359667778015,
    "complex_ipde": 1.381213665008545,
    "chains_ptm": {
        "0": 0.9689990878105164,
        "1": 0.7659222483634949
    },
    "pair_chains_iptm": {
        "0": {
            "0": 0.9689990878105164,
            "1": 0.5341811180114746
        },
        "1": {
            "0": 0.8862891793251038,
            "1": 0.7659222483634949
        }
    }
}