{
    "confidence_score": 0.9430223703384399,
    "ptm": 0.9634204506874084,
    "iptm": 0.8821432590484619,
    "ligand_iptm": 0.8821432590484619,
    "protein_iptm": 0.0,
    "complex_plddt": 0.9582421779632568,
    "complex_iplddt": 0.9175335168838501,
    "complex_pde": 0.4286462068557739,
    "complex_ipde": 1.3981056213378906,
    "chains_ptm": {
        "0": 0.97016841173172,
        "1": 0.7589231133460999
    },
    "pair_chains_iptm": {
        "0": {
            "0": 0.97016841173172,
            "1": 0.5538298487663269
        },
        "1": {
            "0": 0.8821432590484619,
            "1": 0.7589231133460999
        }
    }
}