{
    "confidence_score": 0.9449437260627747,
    "ptm": 0.9636237621307373,
    "iptm": 0.8936612606048584,
    "ligand_iptm": 0.8936612606048584,
    "protein_iptm": 0.0,
    "complex_plddt": 0.9577643275260925,
    "complex_iplddt": 0.9189416170120239,
    "complex_pde": 0.4179578423500061,
    "complex_ipde": 1.2992799282073975,
    "chains_ptm": {
        "0": 0.969386637210846,
        "1": 0.7900634407997131
    },
    "pair_chains_iptm": {
        "0": {
            "0": 0.969386637210846,
            "1": 0.5445283055305481
        },
        "1": {
            "0": 0.8936612606048584,
            "1": 0.7900634407997131
        }
    }
}