{
    "confidence_score": 0.9450381398200989,
    "ptm": 0.9643141031265259,
    "iptm": 0.8932799100875854,
    "ligand_iptm": 0.8932799100875854,
    "protein_iptm": 0.0,
    "complex_plddt": 0.9579777121543884,
    "complex_iplddt": 0.9187491536140442,
    "complex_pde": 0.41811567544937134,
    "complex_ipde": 1.3055193424224854,
    "chains_ptm": {
        "0": 0.970203697681427,
        "1": 0.775750458240509
    },
    "pair_chains_iptm": {
        "0": {
            "0": 0.970203697681427,
            "1": 0.555149257183075
        },
        "1": {
            "0": 0.8932799100875854,
            "1": 0.775750458240509
        }
    }
}