{
    "confidence_score": 0.9485807418823242,
    "ptm": 0.9658392071723938,
    "iptm": 0.9034975171089172,
    "ligand_iptm": 0.9034975171089172,
    "protein_iptm": 0.0,
    "complex_plddt": 0.9598515629768372,
    "complex_iplddt": 0.9187072515487671,
    "complex_pde": 0.4060857892036438,
    "complex_ipde": 1.2341704368591309,
    "chains_ptm": {
        "0": 0.9710988998413086,
        "1": 0.7968749403953552
    },
    "pair_chains_iptm": {
        "0": {
            "0": 0.9710988998413086,
            "1": 0.57231205701828
        },
        "1": {
            "0": 0.9034975171089172,
            "1": 0.7968749403953552
        }
    }
}