{
    "confidence_score": 0.9440293312072754,
    "ptm": 0.9635663032531738,
    "iptm": 0.8866087794303894,
    "ligand_iptm": 0.8866087794303894,
    "protein_iptm": 0.0,
    "complex_plddt": 0.9583844542503357,
    "complex_iplddt": 0.9162710905075073,
    "complex_pde": 0.4272795617580414,
    "complex_ipde": 1.37195885181427,
    "chains_ptm": {
        "0": 0.969940721988678,
        "1": 0.7655444741249084
    },
    "pair_chains_iptm": {
        "0": {
            "0": 0.969940721988678,
            "1": 0.5351191759109497
        },
        "1": {
            "0": 0.8866087794303894,
            "1": 0.7655444741249084
        }
    }
}