{
    "confidence_score": 0.9434232115745544,
    "ptm": 0.9658501148223877,
    "iptm": 0.8953689336776733,
    "ligand_iptm": 0.8953689336776733,
    "protein_iptm": 0.0,
    "complex_plddt": 0.9554367065429688,
    "complex_iplddt": 0.9092402458190918,
    "complex_pde": 0.4151704013347626,
    "complex_ipde": 1.3327884674072266,
    "chains_ptm": {
        "0": 0.971713125705719,
        "1": 0.7877804636955261
    },
    "pair_chains_iptm": {
        "0": {
            "0": 0.971713125705719,
            "1": 0.5580688714981079
        },
        "1": {
            "0": 0.8953689336776733,
            "1": 0.7877804636955261
        }
    }
}