{
    "confidence_score": 0.9459401965141296,
    "ptm": 0.9672725796699524,
    "iptm": 0.9032856225967407,
    "ligand_iptm": 0.9032856225967407,
    "protein_iptm": 0.0,
    "complex_plddt": 0.9566038250923157,
    "complex_iplddt": 0.9097740650177002,
    "complex_pde": 0.40210264921188354,
    "complex_ipde": 1.233751893043518,
    "chains_ptm": {
        "0": 0.9727149605751038,
        "1": 0.7882404923439026
    },
    "pair_chains_iptm": {
        "0": {
            "0": 0.9727149605751038,
            "1": 0.5892414450645447
        },
        "1": {
            "0": 0.9032856225967407,
            "1": 0.7882404923439026
        }
    }
}