{
    "confidence_score": 0.9463450312614441,
    "ptm": 0.9637815356254578,
    "iptm": 0.8961851000785828,
    "ligand_iptm": 0.8961851000785828,
    "protein_iptm": 0.0,
    "complex_plddt": 0.9588850140571594,
    "complex_iplddt": 0.9188891053199768,
    "complex_pde": 0.4155670404434204,
    "complex_ipde": 1.2812539339065552,
    "chains_ptm": {
        "0": 0.9694509506225586,
        "1": 0.7827072143554688
    },
    "pair_chains_iptm": {
        "0": {
            "0": 0.9694509506225586,
            "1": 0.5529412627220154
        },
        "1": {
            "0": 0.8961851000785828,
            "1": 0.7827072143554688
        }
    }
}