{
    "confidence_score": 0.9435037970542908,
    "ptm": 0.9601820707321167,
    "iptm": 0.8918057084083557,
    "ligand_iptm": 0.8918057084083557,
    "protein_iptm": 0.0,
    "complex_plddt": 0.9564282894134521,
    "complex_iplddt": 0.9145334959030151,
    "complex_pde": 0.4212019145488739,
    "complex_ipde": 1.3112815618515015,
    "chains_ptm": {
        "0": 0.9658605456352234,
        "1": 0.7828813791275024
    },
    "pair_chains_iptm": {
        "0": {
            "0": 0.9658605456352234,
            "1": 0.5436221361160278
        },
        "1": {
            "0": 0.8918057084083557,
            "1": 0.7828813791275024
        }
    }
}