{
    "confidence_score": 0.9450756311416626,
    "ptm": 0.9658837914466858,
    "iptm": 0.8953025937080383,
    "ligand_iptm": 0.8953025937080383,
    "protein_iptm": 0.0,
    "complex_plddt": 0.9575188755989075,
    "complex_iplddt": 0.9169791340827942,
    "complex_pde": 0.4069049060344696,
    "complex_ipde": 1.2518610954284668,
    "chains_ptm": {
        "0": 0.9717240929603577,
        "1": 0.7721174955368042
    },
    "pair_chains_iptm": {
        "0": {
            "0": 0.9717240929603577,
            "1": 0.5759694576263428
        },
        "1": {
            "0": 0.8953025937080383,
            "1": 0.7721174955368042
        }
    }
}