{
    "confidence_score": 0.9427882432937622,
    "ptm": 0.9622620940208435,
    "iptm": 0.8829123973846436,
    "ligand_iptm": 0.8829123973846436,
    "protein_iptm": 0.0,
    "complex_plddt": 0.9577571749687195,
    "complex_iplddt": 0.9174199104309082,
    "complex_pde": 0.4299318194389343,
    "complex_ipde": 1.390848159790039,
    "chains_ptm": {
        "0": 0.9688658714294434,
        "1": 0.7652674317359924
    },
    "pair_chains_iptm": {
        "0": {
            "0": 0.9688658714294434,
            "1": 0.5302761793136597
        },
        "1": {
            "0": 0.8829123973846436,
            "1": 0.7652674317359924
        }
    }
}