{
    "confidence_score": 0.9457771182060242,
    "ptm": 0.9636139869689941,
    "iptm": 0.8953244686126709,
    "ligand_iptm": 0.8953244686126709,
    "protein_iptm": 0.0,
    "complex_plddt": 0.9583902955055237,
    "complex_iplddt": 0.9180135726928711,
    "complex_pde": 0.4212764501571655,
    "complex_ipde": 1.3243281841278076,
    "chains_ptm": {
        "0": 0.969295859336853,
        "1": 0.773612380027771
    },
    "pair_chains_iptm": {
        "0": {
            "0": 0.969295859336853,
            "1": 0.5503578782081604
        },
        "1": {
            "0": 0.8953244686126709,
            "1": 0.773612380027771
        }
    }
}