{
    "confidence_score": 0.9436556100845337,
    "ptm": 0.963913083076477,
    "iptm": 0.881235659122467,
    "ligand_iptm": 0.881235659122467,
    "protein_iptm": 0.0,
    "complex_plddt": 0.9592605829238892,
    "complex_iplddt": 0.9190288186073303,
    "complex_pde": 0.43028539419174194,
    "complex_ipde": 1.403151035308838,
    "chains_ptm": {
        "0": 0.9705396294593811,
        "1": 0.7556560635566711
    },
    "pair_chains_iptm": {
        "0": {
            "0": 0.9705396294593811,
            "1": 0.5518758296966553
        },
        "1": {
            "0": 0.881235659122467,
            "1": 0.7556560635566711
        }
    }
}