{
    "confidence_score": 0.9407888650894165,
    "ptm": 0.9625788927078247,
    "iptm": 0.8736357688903809,
    "ligand_iptm": 0.8736357688903809,
    "protein_iptm": 0.0,
    "complex_plddt": 0.957577109336853,
    "complex_iplddt": 0.913166344165802,
    "complex_pde": 0.43886977434158325,
    "complex_ipde": 1.4736353158950806,
    "chains_ptm": {
        "0": 0.9698296189308167,
        "1": 0.7503865361213684
    },
    "pair_chains_iptm": {
        "0": {
            "0": 0.9698296189308167,
            "1": 0.5298635363578796
        },
        "1": {
            "0": 0.8736357688903809,
            "1": 0.7503865361213684
        }
    }
}