{
    "confidence_score": 0.9416124224662781,
    "ptm": 0.9616810083389282,
    "iptm": 0.8789909482002258,
    "ligand_iptm": 0.8789909482002258,
    "protein_iptm": 0.0,
    "complex_plddt": 0.9572677612304688,
    "complex_iplddt": 0.9157679677009583,
    "complex_pde": 0.4372885823249817,
    "complex_ipde": 1.4240643978118896,
    "chains_ptm": {
        "0": 0.9684364199638367,
        "1": 0.7545207142829895
    },
    "pair_chains_iptm": {
        "0": {
            "0": 0.9684364199638367,
            "1": 0.5300995111465454
        },
        "1": {
            "0": 0.8789909482002258,
            "1": 0.7545207142829895
        }
    }
}