{
    "confidence_score": 0.558268666267395,
    "ptm": 0.7132468819618225,
    "iptm": 0.5839882493019104,
    "ligand_iptm": 0.5839882493019104,
    "protein_iptm": 0.0,
    "complex_plddt": 0.551838755607605,
    "complex_iplddt": 0.29495444893836975,
    "complex_pde": 1.0863010883331299,
    "complex_ipde": 5.964159965515137,
    "chains_ptm": {
        "0": 0.9751863479614258,
        "1": 0.552260160446167
    },
    "pair_chains_iptm": {
        "0": {
            "0": 0.9751863479614258,
            "1": 0.5839882493019104
        },
        "1": {
            "0": 0.48237529397010803,
            "1": 0.552260160446167
        }
    }
}