{
    "confidence_score": 0.5228434205055237,
    "ptm": 0.689537525177002,
    "iptm": 0.5123398303985596,
    "ligand_iptm": 0.5123398303985596,
    "protein_iptm": 0.0,
    "complex_plddt": 0.5254693031311035,
    "complex_iplddt": 0.2379516214132309,
    "complex_pde": 1.0858315229415894,
    "complex_ipde": 6.375648021697998,
    "chains_ptm": {
        "0": 0.9751230478286743,
        "1": 0.5471320152282715
    },
    "pair_chains_iptm": {
        "0": {
            "0": 0.9751230478286743,
            "1": 0.5123398303985596
        },
        "1": {
            "0": 0.4355136752128601,
            "1": 0.5471320152282715
        }
    }
}