{
    "confidence_score": 0.5255857706069946,
    "ptm": 0.7124183773994446,
    "iptm": 0.5193366408348083,
    "ligand_iptm": 0.5193366408348083,
    "protein_iptm": 0.0,
    "complex_plddt": 0.5271480083465576,
    "complex_iplddt": 0.24712690711021423,
    "complex_pde": 1.0847325325012207,
    "complex_ipde": 6.082330226898193,
    "chains_ptm": {
        "0": 0.9773891568183899,
        "1": 0.5589383840560913
    },
    "pair_chains_iptm": {
        "0": {
            "0": 0.9773891568183899,
            "1": 0.5193366408348083
        },
        "1": {
            "0": 0.47733819484710693,
            "1": 0.5589383840560913
        }
    }
}