{
    "confidence_score": 0.5672359466552734,
    "ptm": 0.7949894070625305,
    "iptm": 0.6327246427536011,
    "ligand_iptm": 0.6327246427536011,
    "protein_iptm": 0.0,
    "complex_plddt": 0.5508637428283691,
    "complex_iplddt": 0.29587629437446594,
    "complex_pde": 0.9247548580169678,
    "complex_ipde": 4.022579669952393,
    "chains_ptm": {
        "0": 0.9799081683158875,
        "1": 0.5960937738418579
    },
    "pair_chains_iptm": {
        "0": {
            "0": 0.9799081683158875,
            "1": 0.6032480597496033
        },
        "1": {
            "0": 0.6327246427536011,
            "1": 0.5960937738418579
        }
    }
}