{
    "confidence_score": 0.5160390138626099,
    "ptm": 0.7047325372695923,
    "iptm": 0.46581435203552246,
    "ligand_iptm": 0.46581435203552246,
    "protein_iptm": 0.0,
    "complex_plddt": 0.5285951495170593,
    "complex_iplddt": 0.24697434902191162,
    "complex_pde": 1.097317099571228,
    "complex_ipde": 5.992422103881836,
    "chains_ptm": {
        "0": 0.9752693772315979,
        "1": 0.5667017698287964
    },
    "pair_chains_iptm": {
        "0": {
            "0": 0.9752693772315979,
            "1": 0.45766139030456543
        },
        "1": {
            "0": 0.46581435203552246,
            "1": 0.5667017698287964
        }
    }
}