{
    "confidence_score": 0.5497773289680481,
    "ptm": 0.7402939796447754,
    "iptm": 0.629173755645752,
    "ligand_iptm": 0.629173755645752,
    "protein_iptm": 0.0,
    "complex_plddt": 0.5299282073974609,
    "complex_iplddt": 0.24845680594444275,
    "complex_pde": 0.9681507349014282,
    "complex_ipde": 4.268294811248779,
    "chains_ptm": {
        "0": 0.9771019220352173,
        "1": 0.5397049188613892
    },
    "pair_chains_iptm": {
        "0": {
            "0": 0.9771019220352173,
            "1": 0.629173755645752
        },
        "1": {
            "0": 0.5309573411941528,
            "1": 0.5397049188613892
        }
    }
}