{
    "confidence_score": 0.5474161505699158,
    "ptm": 0.7424066662788391,
    "iptm": 0.5744128227233887,
    "ligand_iptm": 0.5744128227233887,
    "protein_iptm": 0.0,
    "complex_plddt": 0.5406669974327087,
    "complex_iplddt": 0.26361772418022156,
    "complex_pde": 1.0142042636871338,
    "complex_ipde": 5.1884050369262695,
    "chains_ptm": {
        "0": 0.9777081608772278,
        "1": 0.5605740547180176
    },
    "pair_chains_iptm": {
        "0": {
            "0": 0.9777081608772278,
            "1": 0.5744128227233887
        },
        "1": {
            "0": 0.5331619381904602,
            "1": 0.5605740547180176
        }
    }
}