{
    "confidence_score": 0.5454017519950867,
    "ptm": 0.7297348976135254,
    "iptm": 0.5730127096176147,
    "ligand_iptm": 0.5730127096176147,
    "protein_iptm": 0.0,
    "complex_plddt": 0.5384990572929382,
    "complex_iplddt": 0.2641860246658325,
    "complex_pde": 1.0289369821548462,
    "complex_ipde": 4.821900844573975,
    "chains_ptm": {
        "0": 0.9745917320251465,
        "1": 0.5233803987503052
    },
    "pair_chains_iptm": {
        "0": {
            "0": 0.9745917320251465,
            "1": 0.5730127096176147
        },
        "1": {
            "0": 0.513907253742218,
            "1": 0.5233803987503052
        }
    }
}