{
    "confidence_score": 0.5585776567459106,
    "ptm": 0.7358585000038147,
    "iptm": 0.6344577670097351,
    "ligand_iptm": 0.6344577670097351,
    "protein_iptm": 0.0,
    "complex_plddt": 0.539607584476471,
    "complex_iplddt": 0.2712500989437103,
    "complex_pde": 0.98549485206604,
    "complex_ipde": 4.450754642486572,
    "chains_ptm": {
        "0": 0.9771789312362671,
        "1": 0.5467696189880371
    },
    "pair_chains_iptm": {
        "0": {
            "0": 0.9771789312362671,
            "1": 0.6344577670097351
        },
        "1": {
            "0": 0.5213809609413147,
            "1": 0.5467696189880371
        }
    }
}