{
    "confidence_score": 0.5302812457084656,
    "ptm": 0.7281069755554199,
    "iptm": 0.537084698677063,
    "ligand_iptm": 0.537084698677063,
    "protein_iptm": 0.0,
    "complex_plddt": 0.5285804271697998,
    "complex_iplddt": 0.24531257152557373,
    "complex_pde": 0.9938480854034424,
    "complex_ipde": 4.630466938018799,
    "chains_ptm": {
        "0": 0.9779648184776306,
        "1": 0.5553292632102966
    },
    "pair_chains_iptm": {
        "0": {
            "0": 0.9779648184776306,
            "1": 0.537084698677063
        },
        "1": {
            "0": 0.505098819732666,
            "1": 0.5553292632102966
        }
    }
}