{
    "confidence_score": 0.533607006072998,
    "ptm": 0.6971079111099243,
    "iptm": 0.48884737491607666,
    "ligand_iptm": 0.48884737491607666,
    "protein_iptm": 0.0,
    "complex_plddt": 0.544796884059906,
    "complex_iplddt": 0.2710188329219818,
    "complex_pde": 1.0450855493545532,
    "complex_ipde": 5.5298051834106445,
    "chains_ptm": {
        "0": 0.9766507744789124,
        "1": 0.5424673557281494
    },
    "pair_chains_iptm": {
        "0": {
            "0": 0.9766507744789124,
            "1": 0.48884737491607666
        },
        "1": {
            "0": 0.4470820426940918,
            "1": 0.5424673557281494
        }
    }
}