{
    "confidence_score": 0.5155156254768372,
    "ptm": 0.6838912963867188,
    "iptm": 0.5061768293380737,
    "ligand_iptm": 0.5061768293380737,
    "protein_iptm": 0.0,
    "complex_plddt": 0.5178503394126892,
    "complex_iplddt": 0.21440687775611877,
    "complex_pde": 1.0306158065795898,
    "complex_ipde": 6.125933647155762,
    "chains_ptm": {
        "0": 0.9762482047080994,
        "1": 0.5892310738563538
    },
    "pair_chains_iptm": {
        "0": {
            "0": 0.9762482047080994,
            "1": 0.5061768293380737
        },
        "1": {
            "0": 0.4297437071800232,
            "1": 0.5892310738563538
        }
    }
}