{
    "confidence_score": 0.5306829810142517,
    "ptm": 0.7058513760566711,
    "iptm": 0.49653759598731995,
    "ligand_iptm": 0.49653759598731995,
    "protein_iptm": 0.0,
    "complex_plddt": 0.539219319820404,
    "complex_iplddt": 0.2606388330459595,
    "complex_pde": 1.0571986436843872,
    "complex_ipde": 5.958392143249512,
    "chains_ptm": {
        "0": 0.9754219651222229,
        "1": 0.5703441500663757
    },
    "pair_chains_iptm": {
        "0": {
            "0": 0.9754219651222229,
            "1": 0.49653759598731995
        },
        "1": {
            "0": 0.46731510758399963,
            "1": 0.5703441500663757
        }
    }
}