{
    "confidence_score": 0.5245890617370605,
    "ptm": 0.6982771754264832,
    "iptm": 0.4985945522785187,
    "ligand_iptm": 0.4985945522785187,
    "protein_iptm": 0.0,
    "complex_plddt": 0.5310876965522766,
    "complex_iplddt": 0.2538430690765381,
    "complex_pde": 1.0932977199554443,
    "complex_ipde": 6.266698360443115,
    "chains_ptm": {
        "0": 0.975121259689331,
        "1": 0.5567528009414673
    },
    "pair_chains_iptm": {
        "0": {
            "0": 0.975121259689331,
            "1": 0.4985945522785187
        },
        "1": {
            "0": 0.4550972878932953,
            "1": 0.5567528009414673
        }
    }
}