{
    "confidence_score": 0.5254325866699219,
    "ptm": 0.695990264415741,
    "iptm": 0.5003305077552795,
    "ligand_iptm": 0.5003305077552795,
    "protein_iptm": 0.0,
    "complex_plddt": 0.5317081212997437,
    "complex_iplddt": 0.24786673486232758,
    "complex_pde": 1.0673106908798218,
    "complex_ipde": 6.4359588623046875,
    "chains_ptm": {
        "0": 0.9770263433456421,
        "1": 0.5734710097312927
    },
    "pair_chains_iptm": {
        "0": {
            "0": 0.9770263433456421,
            "1": 0.5003305077552795
        },
        "1": {
            "0": 0.4510277211666107,
            "1": 0.5734710097312927
        }
    }
}