{
    "confidence_score": 0.574378252029419,
    "ptm": 0.7776694893836975,
    "iptm": 0.6131594181060791,
    "ligand_iptm": 0.6131594181060791,
    "protein_iptm": 0.0,
    "complex_plddt": 0.5646829605102539,
    "complex_iplddt": 0.3252496123313904,
    "complex_pde": 0.9942269325256348,
    "complex_ipde": 4.32015323638916,
    "chains_ptm": {
        "0": 0.976531445980072,
        "1": 0.5801352858543396
    },
    "pair_chains_iptm": {
        "0": {
            "0": 0.976531445980072,
            "1": 0.6131594181060791
        },
        "1": {
            "0": 0.611892819404602,
            "1": 0.5801352858543396
        }
    }
}