{
    "confidence_score": 0.5148503184318542,
    "ptm": 0.6921517252922058,
    "iptm": 0.5074545741081238,
    "ligand_iptm": 0.5074545741081238,
    "protein_iptm": 0.0,
    "complex_plddt": 0.5166991949081421,
    "complex_iplddt": 0.22152212262153625,
    "complex_pde": 1.0671461820602417,
    "complex_ipde": 6.19547176361084,
    "chains_ptm": {
        "0": 0.9766364097595215,
        "1": 0.5671396255493164
    },
    "pair_chains_iptm": {
        "0": {
            "0": 0.9766364097595215,
            "1": 0.5074545741081238
        },
        "1": {
            "0": 0.4382837414741516,
            "1": 0.5671396255493164
        }
    }
}