{
    "confidence_score": 0.5686398148536682,
    "ptm": 0.7317174673080444,
    "iptm": 0.6469199061393738,
    "ligand_iptm": 0.6469199061393738,
    "protein_iptm": 0.0,
    "complex_plddt": 0.5490697622299194,
    "complex_iplddt": 0.2937855124473572,
    "complex_pde": 1.0278782844543457,
    "complex_ipde": 4.752197742462158,
    "chains_ptm": {
        "0": 0.9766661524772644,
        "1": 0.5460195541381836
    },
    "pair_chains_iptm": {
        "0": {
            "0": 0.9766661524772644,
            "1": 0.6469199061393738
        },
        "1": {
            "0": 0.5169677138328552,
            "1": 0.5460195541381836
        }
    }
}