{
    "confidence_score": 0.5677828192710876,
    "ptm": 0.7777649164199829,
    "iptm": 0.602989673614502,
    "ligand_iptm": 0.602989673614502,
    "protein_iptm": 0.0,
    "complex_plddt": 0.5589810609817505,
    "complex_iplddt": 0.312470406293869,
    "complex_pde": 0.9607909321784973,
    "complex_ipde": 4.101227760314941,
    "chains_ptm": {
        "0": 0.9780710339546204,
        "1": 0.5903258919715881
    },
    "pair_chains_iptm": {
        "0": {
            "0": 0.9780710339546204,
            "1": 0.5944595336914062
        },
        "1": {
            "0": 0.602989673614502,
            "1": 0.5903258919715881
        }
    }
}