{
    "confidence_score": 0.5201703906059265,
    "ptm": 0.6881963014602661,
    "iptm": 0.45035141706466675,
    "ligand_iptm": 0.45035141706466675,
    "protein_iptm": 0.0,
    "complex_plddt": 0.5376250743865967,
    "complex_iplddt": 0.25646352767944336,
    "complex_pde": 1.1189532279968262,
    "complex_ipde": 6.854884147644043,
    "chains_ptm": {
        "0": 0.9762862324714661,
        "1": 0.5714804530143738
    },
    "pair_chains_iptm": {
        "0": {
            "0": 0.9762862324714661,
            "1": 0.45035141706466675
        },
        "1": {
            "0": 0.4399380385875702,
            "1": 0.5714804530143738
        }
    }
}