{
    "confidence_score": 0.5657851099967957,
    "ptm": 0.7457435131072998,
    "iptm": 0.6834901571273804,
    "ligand_iptm": 0.6834901571273804,
    "protein_iptm": 0.0,
    "complex_plddt": 0.5363588929176331,
    "complex_iplddt": 0.25635600090026855,
    "complex_pde": 0.9518606662750244,
    "complex_ipde": 3.6903159618377686,
    "chains_ptm": {
        "0": 0.9779490828514099,
        "1": 0.5256674885749817
    },
    "pair_chains_iptm": {
        "0": {
            "0": 0.9779490828514099,
            "1": 0.6834901571273804
        },
        "1": {
            "0": 0.5388846397399902,
            "1": 0.5256674885749817
        }
    }
}