{
    "confidence_score": 0.5292834639549255,
    "ptm": 0.718030571937561,
    "iptm": 0.5413141250610352,
    "ligand_iptm": 0.5413141250610352,
    "protein_iptm": 0.0,
    "complex_plddt": 0.5262757539749146,
    "complex_iplddt": 0.23663289844989777,
    "complex_pde": 1.0206372737884521,
    "complex_ipde": 5.575198173522949,
    "chains_ptm": {
        "0": 0.978111982345581,
        "1": 0.5643442869186401
    },
    "pair_chains_iptm": {
        "0": {
            "0": 0.978111982345581,
            "1": 0.5413141250610352
        },
        "1": {
            "0": 0.48902300000190735,
            "1": 0.5643442869186401
        }
    }
}