{
    "confidence_score": 0.5518852472305298,
    "ptm": 0.7436815500259399,
    "iptm": 0.598321259021759,
    "ligand_iptm": 0.598321259021759,
    "protein_iptm": 0.0,
    "complex_plddt": 0.5402762293815613,
    "complex_iplddt": 0.2680759131908417,
    "complex_pde": 0.9499884247779846,
    "complex_ipde": 4.435169696807861,
    "chains_ptm": {
        "0": 0.9781205058097839,
        "1": 0.5614023208618164
    },
    "pair_chains_iptm": {
        "0": {
            "0": 0.9781205058097839,
            "1": 0.598321259021759
        },
        "1": {
            "0": 0.534761905670166,
            "1": 0.5614023208618164
        }
    }
}