{
    "confidence_score": 0.5613002181053162,
    "ptm": 0.7287740111351013,
    "iptm": 0.6011360883712769,
    "ligand_iptm": 0.6011360883712769,
    "protein_iptm": 0.0,
    "complex_plddt": 0.55134117603302,
    "complex_iplddt": 0.29176995158195496,
    "complex_pde": 1.0238850116729736,
    "complex_ipde": 4.467766761779785,
    "chains_ptm": {
        "0": 0.9767624139785767,
        "1": 0.5289576649665833
    },
    "pair_chains_iptm": {
        "0": {
            "0": 0.9767624139785767,
            "1": 0.6011360883712769
        },
        "1": {
            "0": 0.5076116919517517,
            "1": 0.5289576649665833
        }
    }
}