{
    "confidence_score": 0.5184975862503052,
    "ptm": 0.6849830150604248,
    "iptm": 0.4521885812282562,
    "ligand_iptm": 0.4521885812282562,
    "protein_iptm": 0.0,
    "complex_plddt": 0.5350748300552368,
    "complex_iplddt": 0.2620079815387726,
    "complex_pde": 1.187003254890442,
    "complex_ipde": 7.6281561851501465,
    "chains_ptm": {
        "0": 0.9769027829170227,
        "1": 0.5463166236877441
    },
    "pair_chains_iptm": {
        "0": {
            "0": 0.9769027829170227,
            "1": 0.4521885812282562
        },
        "1": {
            "0": 0.4325600564479828,
            "1": 0.5463166236877441
        }
    }
}