{
    "confidence_score": 0.5296055674552917,
    "ptm": 0.7158464789390564,
    "iptm": 0.4863927364349365,
    "ligand_iptm": 0.4863927364349365,
    "protein_iptm": 0.0,
    "complex_plddt": 0.5404087901115417,
    "complex_iplddt": 0.2695452868938446,
    "complex_pde": 1.0830438137054443,
    "complex_ipde": 5.875871658325195,
    "chains_ptm": {
        "0": 0.9731298685073853,
        "1": 0.5414432883262634
    },
    "pair_chains_iptm": {
        "0": {
            "0": 0.9731298685073853,
            "1": 0.4679452180862427
        },
        "1": {
            "0": 0.4863927364349365,
            "1": 0.5414432883262634
        }
    }
}