{
    "confidence_score": 0.548611581325531,
    "ptm": 0.7272684574127197,
    "iptm": 0.558696985244751,
    "ligand_iptm": 0.558696985244751,
    "protein_iptm": 0.0,
    "complex_plddt": 0.5460902452468872,
    "complex_iplddt": 0.27757495641708374,
    "complex_pde": 1.1277225017547607,
    "complex_ipde": 5.48266077041626,
    "chains_ptm": {
        "0": 0.974439799785614,
        "1": 0.5249417424201965
    },
    "pair_chains_iptm": {
        "0": {
            "0": 0.974439799785614,
            "1": 0.558696985244751
        },
        "1": {
            "0": 0.5066730380058289,
            "1": 0.5249417424201965
        }
    }
}