{
    "confidence_score": 0.5369617342948914,
    "ptm": 0.7290589809417725,
    "iptm": 0.5770447254180908,
    "ligand_iptm": 0.5770447254180908,
    "protein_iptm": 0.0,
    "complex_plddt": 0.5269409418106079,
    "complex_iplddt": 0.23913082480430603,
    "complex_pde": 1.0013279914855957,
    "complex_ipde": 4.477111339569092,
    "chains_ptm": {
        "0": 0.9769904613494873,
        "1": 0.5671178102493286
    },
    "pair_chains_iptm": {
        "0": {
            "0": 0.9769904613494873,
            "1": 0.5770447254180908
        },
        "1": {
            "0": 0.5084218382835388,
            "1": 0.5671178102493286
        }
    }
}