{
    "confidence_score": 0.5721102356910706,
    "ptm": 0.8073136210441589,
    "iptm": 0.6603202223777771,
    "ligand_iptm": 0.6603202223777771,
    "protein_iptm": 0.0,
    "complex_plddt": 0.5500577092170715,
    "complex_iplddt": 0.2947673797607422,
    "complex_pde": 1.0732852220535278,
    "complex_ipde": 5.083679676055908,
    "chains_ptm": {
        "0": 0.9752970337867737,
        "1": 0.5893017649650574
    },
    "pair_chains_iptm": {
        "0": {
            "0": 0.9752970337867737,
            "1": 0.4645552635192871
        },
        "1": {
            "0": 0.6603202223777771,
            "1": 0.5893017649650574
        }
    }
}