{
    "confidence_score": 0.504933774471283,
    "ptm": 0.6663784384727478,
    "iptm": 0.47358813881874084,
    "ligand_iptm": 0.47358813881874084,
    "protein_iptm": 0.0,
    "complex_plddt": 0.5127701759338379,
    "complex_iplddt": 0.2105482816696167,
    "complex_pde": 1.1453173160552979,
    "complex_ipde": 7.166651248931885,
    "chains_ptm": {
        "0": 0.9764843583106995,
        "1": 0.573797881603241
    },
    "pair_chains_iptm": {
        "0": {
            "0": 0.9764843583106995,
            "1": 0.47358813881874084
        },
        "1": {
            "0": 0.39120978116989136,
            "1": 0.573797881603241
        }
    }
}