{
    "confidence_score": 0.5969237685203552,
    "ptm": 0.7367321848869324,
    "iptm": 0.4888344705104828,
    "ligand_iptm": 0.49226850271224976,
    "protein_iptm": 0.0,
    "complex_plddt": 0.6239461302757263,
    "complex_iplddt": 0.3568410277366638,
    "complex_pde": 0.9093266129493713,
    "complex_ipde": 9.551325798034668,
    "chains_ptm": {
        "0": 0.9761794209480286,
        "1": 0.6931901574134827,
        "2": 0.8763608336448669
    },
    "pair_chains_iptm": {
        "0": {
            "0": 0.9761794209480286,
            "1": 0.4608931839466095,
            "2": 0.3061695396900177
        },
        "1": {
            "0": 0.49226850271224976,
            "1": 0.6931901574134827,
            "2": 0.6118651032447815
        },
        "2": {
            "0": 0.426840215921402,
            "1": 0.5185194611549377,
            "2": 0.8763608336448669
        }
    }
}