{
    "confidence_score": 0.5759243965148926,
    "ptm": 0.7188065052032471,
    "iptm": 0.45206472277641296,
    "ligand_iptm": 0.45535412430763245,
    "protein_iptm": 0.0,
    "complex_plddt": 0.6068893074989319,
    "complex_iplddt": 0.3175952434539795,
    "complex_pde": 1.0036259889602661,
    "complex_ipde": 10.931299209594727,
    "chains_ptm": {
        "0": 0.9771043658256531,
        "1": 0.643805980682373,
        "2": 0.8810308575630188
    },
    "pair_chains_iptm": {
        "0": {
            "0": 0.9771043658256531,
            "1": 0.4257014989852905,
            "2": 0.3229011297225952
        },
        "1": {
            "0": 0.45535412430763245,
            "1": 0.643805980682373,
            "2": 0.5106701850891113
        },
        "2": {
            "0": 0.392302542924881,
            "1": 0.4425862431526184,
            "2": 0.8810308575630188
        }
    }
}