{
    "confidence_score": 0.6292403936386108,
    "ptm": 0.7916415333747864,
    "iptm": 0.6023409962654114,
    "ligand_iptm": 0.6041603684425354,
    "protein_iptm": 0.0,
    "complex_plddt": 0.6359652280807495,
    "complex_iplddt": 0.3758801519870758,
    "complex_pde": 0.7886328101158142,
    "complex_ipde": 7.029087543487549,
    "chains_ptm": {
        "0": 0.9773702621459961,
        "1": 0.6935280561447144,
        "2": 0.9011802673339844
    },
    "pair_chains_iptm": {
        "0": {
            "0": 0.9773702621459961,
            "1": 0.5157145857810974,
            "2": 0.4881638288497925
        },
        "1": {
            "0": 0.6041603684425354,
            "1": 0.6935280561447144,
            "2": 0.6843421459197998
        },
        "2": {
            "0": 0.5789750814437866,
            "1": 0.5825695991516113,
            "2": 0.9011802673339844
        }
    }
}