{
    "confidence_score": 0.5989342331886292,
    "ptm": 0.7289753556251526,
    "iptm": 0.47309190034866333,
    "ligand_iptm": 0.47508320212364197,
    "protein_iptm": 0.0,
    "complex_plddt": 0.6303948163986206,
    "complex_iplddt": 0.3640498220920563,
    "complex_pde": 0.9164655804634094,
    "complex_ipde": 9.525818824768066,
    "chains_ptm": {
        "0": 0.9755032062530518,
        "1": 0.6768485307693481,
        "2": 0.877012312412262
    },
    "pair_chains_iptm": {
        "0": {
            "0": 0.9755032062530518,
            "1": 0.4325723350048065,
            "2": 0.32892635464668274
        },
        "1": {
            "0": 0.47508320212364197,
            "1": 0.6768485307693481,
            "2": 0.613839328289032
        },
        "2": {
            "0": 0.4280034303665161,
            "1": 0.5524717569351196,
            "2": 0.877012312412262
        }
    }
}