{
    "confidence_score": 0.565851628780365,
    "ptm": 0.7371211051940918,
    "iptm": 0.49414709210395813,
    "ligand_iptm": 0.5005619525909424,
    "protein_iptm": 0.0,
    "complex_plddt": 0.5837777256965637,
    "complex_iplddt": 0.28374025225639343,
    "complex_pde": 1.0531699657440186,
    "complex_ipde": 11.65914249420166,
    "chains_ptm": {
        "0": 0.9771503210067749,
        "1": 0.6279968619346619,
        "2": 0.8884305953979492
    },
    "pair_chains_iptm": {
        "0": {
            "0": 0.9771503210067749,
            "1": 0.3957692086696625,
            "2": 0.2504875361919403
        },
        "1": {
            "0": 0.5005619525909424,
            "1": 0.6279968619346619,
            "2": 0.33652037382125854
        },
        "2": {
            "0": 0.3878280818462372,
            "1": 0.2730247676372528,
            "2": 0.8884305953979492
        }
    }
}