{
    "confidence_score": 0.6092690825462341,
    "ptm": 0.7572855949401855,
    "iptm": 0.5302147269248962,
    "ligand_iptm": 0.5314526557922363,
    "protein_iptm": 0.0,
    "complex_plddt": 0.6290326118469238,
    "complex_iplddt": 0.3641919195652008,
    "complex_pde": 0.895776093006134,
    "complex_ipde": 9.072075843811035,
    "chains_ptm": {
        "0": 0.97740638256073,
        "1": 0.6719565391540527,
        "2": 0.90106600522995
    },
    "pair_chains_iptm": {
        "0": {
            "0": 0.97740638256073,
            "1": 0.45197540521621704,
            "2": 0.4019733667373657
        },
        "1": {
            "0": 0.5314526557922363,
            "1": 0.6719565391540527,
            "2": 0.6108850240707397
        },
        "2": {
            "0": 0.5212296843528748,
            "1": 0.5253456234931946,
            "2": 0.90106600522995
        }
    }
}