{
    "confidence_score": 0.5824194550514221,
    "ptm": 0.7748749852180481,
    "iptm": 0.5684459209442139,
    "ligand_iptm": 0.5722032189369202,
    "protein_iptm": 0.0,
    "complex_plddt": 0.585912823677063,
    "complex_iplddt": 0.28573158383369446,
    "complex_pde": 0.9583987593650818,
    "complex_ipde": 9.350337028503418,
    "chains_ptm": {
        "0": 0.9772368669509888,
        "1": 0.6414386034011841,
        "2": 0.8793530464172363
    },
    "pair_chains_iptm": {
        "0": {
            "0": 0.9772368669509888,
            "1": 0.46989530324935913,
            "2": 0.40499091148376465
        },
        "1": {
            "0": 0.5722032189369202,
            "1": 0.6414386034011841,
            "2": 0.5213773250579834
        },
        "2": {
            "0": 0.4920288622379303,
            "1": 0.39597171545028687,
            "2": 0.8793530464172363
        }
    }
}