{
    "confidence_score": 0.603874683380127,
    "ptm": 0.7510272860527039,
    "iptm": 0.5153477787971497,
    "ligand_iptm": 0.5174956917762756,
    "protein_iptm": 0.0,
    "complex_plddt": 0.6260064244270325,
    "complex_iplddt": 0.3589985966682434,
    "complex_pde": 0.8884220123291016,
    "complex_ipde": 8.454442977905273,
    "chains_ptm": {
        "0": 0.977632999420166,
        "1": 0.6696596145629883,
        "2": 0.863548755645752
    },
    "pair_chains_iptm": {
        "0": {
            "0": 0.977632999420166,
            "1": 0.48970523476600647,
            "2": 0.36863642930984497
        },
        "1": {
            "0": 0.5174956917762756,
            "1": 0.6696596145629883,
            "2": 0.6260412335395813
        },
        "2": {
            "0": 0.4699486494064331,
            "1": 0.5116540789604187,
            "2": 0.863548755645752
        }
    }
}