{
    "confidence_score": 0.5779611468315125,
    "ptm": 0.7522867918014526,
    "iptm": 0.5226810574531555,
    "ligand_iptm": 0.5260136127471924,
    "protein_iptm": 0.0,
    "complex_plddt": 0.5917811393737793,
    "complex_iplddt": 0.2960398197174072,
    "complex_pde": 0.95624178647995,
    "complex_ipde": 9.257866859436035,
    "chains_ptm": {
        "0": 0.9786905646324158,
        "1": 0.6226758360862732,
        "2": 0.883491575717926
    },
    "pair_chains_iptm": {
        "0": {
            "0": 0.9786905646324158,
            "1": 0.46302321553230286,
            "2": 0.3465980291366577
        },
        "1": {
            "0": 0.5260136127471924,
            "1": 0.6226758360862732,
            "2": 0.492840975522995
        },
        "2": {
            "0": 0.4642389118671417,
            "1": 0.41161784529685974,
            "2": 0.883491575717926
        }
    }
}