{
    "confidence_score": 0.6125378608703613,
    "ptm": 0.757386326789856,
    "iptm": 0.5310267806053162,
    "ligand_iptm": 0.5349297523498535,
    "protein_iptm": 0.0,
    "complex_plddt": 0.6329156160354614,
    "complex_iplddt": 0.37841710448265076,
    "complex_pde": 0.9254156351089478,
    "complex_ipde": 8.672628402709961,
    "chains_ptm": {
        "0": 0.9786892533302307,
        "1": 0.6471467018127441,
        "2": 0.8784604668617249
    },
    "pair_chains_iptm": {
        "0": {
            "0": 0.9786892533302307,
            "1": 0.49864909052848816,
            "2": 0.33599361777305603
        },
        "1": {
            "0": 0.5349297523498535,
            "1": 0.6471467018127441,
            "2": 0.5868434309959412
        },
        "2": {
            "0": 0.4614153802394867,
            "1": 0.472908616065979,
            "2": 0.8784604668617249
        }
    }
}