{
    "confidence_score": 0.6175554394721985,
    "ptm": 0.8157837390899658,
    "iptm": 0.6508603096008301,
    "ligand_iptm": 0.654485285282135,
    "protein_iptm": 0.0,
    "complex_plddt": 0.6092292070388794,
    "complex_iplddt": 0.33530354499816895,
    "complex_pde": 0.898062527179718,
    "complex_ipde": 8.212738990783691,
    "chains_ptm": {
        "0": 0.9781088829040527,
        "1": 0.6570348739624023,
        "2": 0.8713741898536682
    },
    "pair_chains_iptm": {
        "0": {
            "0": 0.9781088829040527,
            "1": 0.5023432374000549,
            "2": 0.5116352438926697
        },
        "1": {
            "0": 0.654485285282135,
            "1": 0.6570348739624023,
            "2": 0.5842733979225159
        },
        "2": {
            "0": 0.5762642621994019,
            "1": 0.4539336562156677,
            "2": 0.8713741898536682
        }
    }
}