{
    "confidence_score": 0.5327356457710266,
    "ptm": 0.6713321208953857,
    "iptm": 0.35748183727264404,
    "ligand_iptm": 0.3681955337524414,
    "protein_iptm": 0.0,
    "complex_plddt": 0.5765490531921387,
    "complex_iplddt": 0.25111159682273865,
    "complex_pde": 1.2247905731201172,
    "complex_ipde": 15.112918853759766,
    "chains_ptm": {
        "0": 0.976492166519165,
        "1": 0.6141118407249451,
        "2": 0.8894262313842773
    },
    "pair_chains_iptm": {
        "0": {
            "0": 0.976492166519165,
            "1": 0.359213650226593,
            "2": 0.10617339611053467
        },
        "1": {
            "0": 0.3681955337524414,
            "1": 0.6141118407249451,
            "2": 0.11372341960668564
        },
        "2": {
            "0": 0.12335334718227386,
            "1": 0.09233327209949493,
            "2": 0.8894262313842773
        }
    }
}