{
    "confidence_score": 0.5880662798881531,
    "ptm": 0.7587769031524658,
    "iptm": 0.5343809723854065,
    "ligand_iptm": 0.5384482741355896,
    "protein_iptm": 0.0,
    "complex_plddt": 0.6014876365661621,
    "complex_iplddt": 0.31924617290496826,
    "complex_pde": 0.9837227463722229,
    "complex_ipde": 10.32954216003418,
    "chains_ptm": {
        "0": 0.9774001836776733,
        "1": 0.6358296275138855,
        "2": 0.894731342792511
    },
    "pair_chains_iptm": {
        "0": {
            "0": 0.9774001836776733,
            "1": 0.5034047961235046,
            "2": 0.34711334109306335
        },
        "1": {
            "0": 0.5384482741355896,
            "1": 0.6358296275138855,
            "2": 0.4720051884651184
        },
        "2": {
            "0": 0.4662346839904785,
            "1": 0.3488459587097168,
            "2": 0.894731342792511
        }
    }
}