{
    "confidence_score": 0.5504162907600403,
    "ptm": 0.7225897312164307,
    "iptm": 0.46243157982826233,
    "ligand_iptm": 0.46279656887054443,
    "protein_iptm": 0.0,
    "complex_plddt": 0.5724124312400818,
    "complex_iplddt": 0.2582393288612366,
    "complex_pde": 1.0022153854370117,
    "complex_ipde": 10.25930404663086,
    "chains_ptm": {
        "0": 0.9799842834472656,
        "1": 0.6280450224876404,
        "2": 0.8703098893165588
    },
    "pair_chains_iptm": {
        "0": {
            "0": 0.9799842834472656,
            "1": 0.43683576583862305,
            "2": 0.3717190623283386
        },
        "1": {
            "0": 0.46279656887054443,
            "1": 0.6280450224876404,
            "2": 0.23657849431037903
        },
        "2": {
            "0": 0.47769296169281006,
            "1": 0.23731930553913116,
            "2": 0.8703098893165588
        }
    }
}