{
    "confidence_score": 0.5962038040161133,
    "ptm": 0.7333400845527649,
    "iptm": 0.4874265789985657,
    "ligand_iptm": 0.4924982488155365,
    "protein_iptm": 0.0,
    "complex_plddt": 0.6233981251716614,
    "complex_iplddt": 0.35457512736320496,
    "complex_pde": 0.9831655621528625,
    "complex_ipde": 9.864945411682129,
    "chains_ptm": {
        "0": 0.9767569303512573,
        "1": 0.6362228393554688,
        "2": 0.8797112107276917
    },
    "pair_chains_iptm": {
        "0": {
            "0": 0.9767569303512573,
            "1": 0.46371278166770935,
            "2": 0.28956010937690735
        },
        "1": {
            "0": 0.4924982488155365,
            "1": 0.6362228393554688,
            "2": 0.5462920069694519
        },
        "2": {
            "0": 0.40267542004585266,
            "1": 0.4793529510498047,
            "2": 0.8797112107276917
        }
    }
}