{
    "confidence_score": 0.5823477506637573,
    "ptm": 0.7030156850814819,
    "iptm": 0.431052029132843,
    "ligand_iptm": 0.4343588948249817,
    "protein_iptm": 0.0,
    "complex_plddt": 0.6201716661453247,
    "complex_iplddt": 0.34783121943473816,
    "complex_pde": 1.013574242591858,
    "complex_ipde": 10.28537368774414,
    "chains_ptm": {
        "0": 0.9738194346427917,
        "1": 0.6443278193473816,
        "2": 0.883694589138031
    },
    "pair_chains_iptm": {
        "0": {
            "0": 0.9738194346427917,
            "1": 0.4343588948249817,
            "2": 0.2906268537044525
        },
        "1": {
            "0": 0.4225791096687317,
            "1": 0.6443278193473816,
            "2": 0.5843833684921265
        },
        "2": {
            "0": 0.40648913383483887,
            "1": 0.4780425727367401,
            "2": 0.883694589138031
        }
    }
}