{
    "confidence_score": 0.6245869994163513,
    "ptm": 0.7909309267997742,
    "iptm": 0.5965492725372314,
    "ligand_iptm": 0.5953183174133301,
    "protein_iptm": 0.0,
    "complex_plddt": 0.6315963864326477,
    "complex_iplddt": 0.37479695677757263,
    "complex_pde": 0.7710350155830383,
    "complex_ipde": 7.058720588684082,
    "chains_ptm": {
        "0": 0.9783658385276794,
        "1": 0.7089740037918091,
        "2": 0.9107459783554077
    },
    "pair_chains_iptm": {
        "0": {
            "0": 0.9783658385276794,
            "1": 0.5131577849388123,
            "2": 0.5578001141548157
        },
        "1": {
            "0": 0.5953183174133301,
            "1": 0.7089740037918091,
            "2": 0.7206672430038452
        },
        "2": {
            "0": 0.6291767954826355,
            "1": 0.6270233392715454,
            "2": 0.9107459783554077
        }
    }
}