{
    "confidence_score": 0.6009147763252258,
    "ptm": 0.7340927720069885,
    "iptm": 0.48272526264190674,
    "ligand_iptm": 0.48672184348106384,
    "protein_iptm": 0.0,
    "complex_plddt": 0.6304621696472168,
    "complex_iplddt": 0.36565962433815,
    "complex_pde": 0.9179657101631165,
    "complex_ipde": 9.47000503540039,
    "chains_ptm": {
        "0": 0.9787320494651794,
        "1": 0.6654748320579529,
        "2": 0.885766327381134
    },
    "pair_chains_iptm": {
        "0": {
            "0": 0.9787320494651794,
            "1": 0.48672184348106384,
            "2": 0.31457599997520447
        },
        "1": {
            "0": 0.4818572402000427,
            "1": 0.6654748320579529,
            "2": 0.6112439036369324
        },
        "2": {
            "0": 0.43718042969703674,
            "1": 0.5398591160774231,
            "2": 0.885766327381134
        }
    }
}