{
    "confidence_score": 0.6000645756721497,
    "ptm": 0.7404109239578247,
    "iptm": 0.49659544229507446,
    "ligand_iptm": 0.4990784525871277,
    "protein_iptm": 0.0,
    "complex_plddt": 0.6259318590164185,
    "complex_iplddt": 0.35672497749328613,
    "complex_pde": 0.9068068265914917,
    "complex_ipde": 9.497130393981934,
    "chains_ptm": {
        "0": 0.9781614542007446,
        "1": 0.6713336110115051,
        "2": 0.8930732011795044
    },
    "pair_chains_iptm": {
        "0": {
            "0": 0.9781614542007446,
            "1": 0.47451308369636536,
            "2": 0.33461901545524597
        },
        "1": {
            "0": 0.4990784525871277,
            "1": 0.6713336110115051,
            "2": 0.6163171529769897
        },
        "2": {
            "0": 0.45938217639923096,
            "1": 0.5156152844429016,
            "2": 0.8930732011795044
        }
    }
}