{
    "confidence_score": 0.5826029181480408,
    "ptm": 0.7356603145599365,
    "iptm": 0.48447006940841675,
    "ligand_iptm": 0.4872085154056549,
    "protein_iptm": 0.0,
    "complex_plddt": 0.6071361303329468,
    "complex_iplddt": 0.31843769550323486,
    "complex_pde": 1.141050100326538,
    "complex_ipde": 10.824758529663086,
    "chains_ptm": {
        "0": 0.9780903458595276,
        "1": 0.6074409484863281,
        "2": 0.9056195616722107
    },
    "pair_chains_iptm": {
        "0": {
            "0": 0.9780903458595276,
            "1": 0.42536860704421997,
            "2": 0.3738599121570587
        },
        "1": {
            "0": 0.4872085154056549,
            "1": 0.6074409484863281,
            "2": 0.4002470374107361
        },
        "2": {
            "0": 0.4374699294567108,
            "1": 0.2940013110637665,
            "2": 0.9056195616722107
        }
    }
}