{
    "confidence_score": 0.5917559266090393,
    "ptm": 0.7110434174537659,
    "iptm": 0.43649622797966003,
    "ligand_iptm": 0.4390282928943634,
    "protein_iptm": 0.0,
    "complex_plddt": 0.6305708289146423,
    "complex_iplddt": 0.3678339421749115,
    "complex_pde": 0.9696025848388672,
    "complex_ipde": 9.791001319885254,
    "chains_ptm": {
        "0": 0.975929319858551,
        "1": 0.6740201711654663,
        "2": 0.8703576922416687
    },
    "pair_chains_iptm": {
        "0": {
            "0": 0.975929319858551,
            "1": 0.3993757963180542,
            "2": 0.29731959104537964
        },
        "1": {
            "0": 0.4390282928943634,
            "1": 0.6740201711654663,
            "2": 0.5916111469268799
        },
        "2": {
            "0": 0.40881118178367615,
            "1": 0.5402591824531555,
            "2": 0.8703576922416687
        }
    }
}