{
    "confidence_score": 0.6166373491287231,
    "ptm": 0.7656710743904114,
    "iptm": 0.5452782511711121,
    "ligand_iptm": 0.5453227758407593,
    "protein_iptm": 0.0,
    "complex_plddt": 0.6344770789146423,
    "complex_iplddt": 0.37382805347442627,
    "complex_pde": 0.827679455280304,
    "complex_ipde": 7.766778469085693,
    "chains_ptm": {
        "0": 0.9780635237693787,
        "1": 0.6720335483551025,
        "2": 0.8976578712463379
    },
    "pair_chains_iptm": {
        "0": {
            "0": 0.9780635237693787,
            "1": 0.5120056867599487,
            "2": 0.46436378359794617
        },
        "1": {
            "0": 0.5453227758407593,
            "1": 0.6720335483551025,
            "2": 0.6741688251495361
        },
        "2": {
            "0": 0.5576303005218506,
            "1": 0.5512053370475769,
            "2": 0.8976578712463379
        }
    }
}