{
    "confidence_score": 0.5887017250061035,
    "ptm": 0.7329715490341187,
    "iptm": 0.4867825210094452,
    "ligand_iptm": 0.49226802587509155,
    "protein_iptm": 0.0,
    "complex_plddt": 0.6141815185546875,
    "complex_iplddt": 0.33590659499168396,
    "complex_pde": 0.9698539972305298,
    "complex_ipde": 9.877199172973633,
    "chains_ptm": {
        "0": 0.9752236008644104,
        "1": 0.658462405204773,
        "2": 0.8135753870010376
    },
    "pair_chains_iptm": {
        "0": {
            "0": 0.9752236008644104,
            "1": 0.4598187804222107,
            "2": 0.29013967514038086
        },
        "1": {
            "0": 0.49226802587509155,
            "1": 0.658462405204773,
            "2": 0.511008083820343
        },
        "2": {
            "0": 0.3786700665950775,
            "1": 0.48271435499191284,
            "2": 0.8135753870010376
        }
    }
}