{
    "confidence_score": 0.5986630320549011,
    "ptm": 0.7532715201377869,
    "iptm": 0.5243422985076904,
    "ligand_iptm": 0.5275627374649048,
    "protein_iptm": 0.0,
    "complex_plddt": 0.617243230342865,
    "complex_iplddt": 0.3390926122665405,
    "complex_pde": 0.9009042382240295,
    "complex_ipde": 9.22313404083252,
    "chains_ptm": {
        "0": 0.9770748615264893,
        "1": 0.6710652112960815,
        "2": 0.8626290559768677
    },
    "pair_chains_iptm": {
        "0": {
            "0": 0.9770748615264893,
            "1": 0.46647462248802185,
            "2": 0.37725457549095154
        },
        "1": {
            "0": 0.5275627374649048,
            "1": 0.6710652112960815,
            "2": 0.5947983264923096
        },
        "2": {
            "0": 0.4583160877227783,
            "1": 0.5231168866157532,
            "2": 0.8626290559768677
        }
    }
}