{
    "confidence_score": 0.5969802737236023,
    "ptm": 0.7170661091804504,
    "iptm": 0.44903501868247986,
    "ligand_iptm": 0.4533853828907013,
    "protein_iptm": 0.0,
    "complex_plddt": 0.6339665651321411,
    "complex_iplddt": 0.3722827136516571,
    "complex_pde": 0.9813963770866394,
    "complex_ipde": 10.120072364807129,
    "chains_ptm": {
        "0": 0.977408230304718,
        "1": 0.6469958424568176,
        "2": 0.8848229050636292
    },
    "pair_chains_iptm": {
        "0": {
            "0": 0.977408230304718,
            "1": 0.4533853828907013,
            "2": 0.26027190685272217
        },
        "1": {
            "0": 0.4500570297241211,
            "1": 0.6469958424568176,
            "2": 0.5778604745864868
        },
        "2": {
            "0": 0.3883908987045288,
            "1": 0.47300535440444946,
            "2": 0.8848229050636292
        }
    }
}