{
    "confidence_score": 0.5709301233291626,
    "ptm": 0.7442929148674011,
    "iptm": 0.5128942728042603,
    "ligand_iptm": 0.5187520384788513,
    "protein_iptm": 0.0,
    "complex_plddt": 0.5854390859603882,
    "complex_iplddt": 0.282159686088562,
    "complex_pde": 1.026703119277954,
    "complex_ipde": 11.222641944885254,
    "chains_ptm": {
        "0": 0.9748116135597229,
        "1": 0.6383329033851624,
        "2": 0.899351179599762
    },
    "pair_chains_iptm": {
        "0": {
            "0": 0.9748116135597229,
            "1": 0.43885356187820435,
            "2": 0.31734591722488403
        },
        "1": {
            "0": 0.5187520384788513,
            "1": 0.6383329033851624,
            "2": 0.3417512774467468
        },
        "2": {
            "0": 0.38613662123680115,
            "1": 0.26677900552749634,
            "2": 0.899351179599762
        }
    }
}