{
    "confidence_score": 0.6077275276184082,
    "ptm": 0.7579273581504822,
    "iptm": 0.5305718183517456,
    "ligand_iptm": 0.5276097059249878,
    "protein_iptm": 0.0,
    "complex_plddt": 0.6270164847373962,
    "complex_iplddt": 0.3545179069042206,
    "complex_pde": 0.8343705534934998,
    "complex_ipde": 8.543471336364746,
    "chains_ptm": {
        "0": 0.9776067137718201,
        "1": 0.6837571263313293,
        "2": 0.9062976241111755
    },
    "pair_chains_iptm": {
        "0": {
            "0": 0.9776067137718201,
            "1": 0.49113699793815613,
            "2": 0.470576673746109
        },
        "1": {
            "0": 0.5276097059249878,
            "1": 0.6837571263313293,
            "2": 0.6655882000923157
        },
        "2": {
            "0": 0.5758931636810303,
            "1": 0.6066890358924866,
            "2": 0.9062976241111755
        }
    }
}