{
    "confidence_score": 0.6275964975357056,
    "ptm": 0.7984454035758972,
    "iptm": 0.6164628863334656,
    "ligand_iptm": 0.6199188232421875,
    "protein_iptm": 0.0,
    "complex_plddt": 0.630379855632782,
    "complex_iplddt": 0.3694228529930115,
    "complex_pde": 0.8229225873947144,
    "complex_ipde": 7.713796138763428,
    "chains_ptm": {
        "0": 0.9768255949020386,
        "1": 0.6943155527114868,
        "2": 0.8968382477760315
    },
    "pair_chains_iptm": {
        "0": {
            "0": 0.9768255949020386,
            "1": 0.5197991132736206,
            "2": 0.44373592734336853
        },
        "1": {
            "0": 0.6199188232421875,
            "1": 0.6943155527114868,
            "2": 0.6450256705284119
        },
        "2": {
            "0": 0.5620240569114685,
            "1": 0.5732508301734924,
            "2": 0.8968382477760315
        }
    }
}