{
    "confidence_score": 0.5504231452941895,
    "ptm": 0.7158213257789612,
    "iptm": 0.44270023703575134,
    "ligand_iptm": 0.44846275448799133,
    "protein_iptm": 0.0,
    "complex_plddt": 0.5773538947105408,
    "complex_iplddt": 0.254870742559433,
    "complex_pde": 1.065287470817566,
    "complex_ipde": 12.3444185256958,
    "chains_ptm": {
        "0": 0.9789741039276123,
        "1": 0.6349458694458008,
        "2": 0.8991219401359558
    },
    "pair_chains_iptm": {
        "0": {
            "0": 0.9789741039276123,
            "1": 0.4437628388404846,
            "2": 0.2509212791919708
        },
        "1": {
            "0": 0.44846275448799133,
            "1": 0.6349458694458008,
            "2": 0.32216891646385193
        },
        "2": {
            "0": 0.3195207118988037,
            "1": 0.2524293065071106,
            "2": 0.8991219401359558
        }
    }
}