{
    "confidence_score": 0.6176003813743591,
    "ptm": 0.7543701529502869,
    "iptm": 0.5435788035392761,
    "ligand_iptm": 0.523200273513794,
    "protein_iptm": 0.0,
    "complex_plddt": 0.6361057162284851,
    "complex_iplddt": 0.3759666085243225,
    "complex_pde": 0.813444197177887,
    "complex_ipde": 8.463698387145996,
    "chains_ptm": {
        "0": 0.9777844548225403,
        "1": 0.7327574491500854,
        "2": 0.9092027544975281
    },
    "pair_chains_iptm": {
        "0": {
            "0": 0.9777844548225403,
            "1": 0.4953888952732086,
            "2": 0.4342764914035797
        },
        "1": {
            "0": 0.523200273513794,
            "1": 0.7327574491500854,
            "2": 0.7230193614959717
        },
        "2": {
            "0": 0.5462803244590759,
            "1": 0.62550288438797,
            "2": 0.9092027544975281
        }
    }
}